DATE,BAMLC0A1CAAAEY
3/19/2020,3.1
3/18/2020,2.96
3/17/2020,2.58
3/16/2020,2.28
3/13/2020,2.39
3/12/2020,2.27
3/11/2020,2.06
3/10/2020,1.98
3/9/2020,1.79
3/6/2020,1.79
3/5/2020,1.88
3/4/2020,1.92
3/3/2020,1.95
3/2/2020,2.03
2/29/2020,2.07
2/28/2020,2.05
2/27/2020,2.17
2/26/2020,2.13
2/25/2020,2.14
2/24/2020,2.17
2/21/2020,2.22
2/20/2020,2.25
2/19/2020,2.27
2/18/2020,2.26
2/17/2020,2.28
2/14/2020,2.28
2/13/2020,2.31
2/12/2020,2.31
2/11/2020,2.29
2/10/2020,2.26
2/7/2020,2.27
2/6/2020,2.35
2/5/2020,2.36
2/4/2020,2.34
2/3/2020,2.29
1/31/2020,2.28
1/30/2020,2.3
1/29/2020,2.3
1/28/2020,2.35
1/27/2020,2.32
1/24/2020,2.36
1/23/2020,2.4
1/22/2020,2.42
1/21/2020,2.44
1/20/2020,2.5
1/17/2020,2.5
1/16/2020,2.49
1/15/2020,2.48
1/14/2020,2.51
1/13/2020,2.52
1/10/2020,2.51
1/9/2020,2.54
1/8/2020,2.58
1/7/2020,2.54
1/6/2020,2.52
1/3/2020,2.47
1/2/2020,2.53
12/31/2019,2.55
12/30/2019,2.53
12/27/2019,2.51
12/26/2019,2.55
12/24/2019,2.55
12/23/2019,2.57
12/20/2019,2.56
12/19/2019,2.55
12/18/2019,2.56
12/17/2019,2.54
12/16/2019,2.54
12/13/2019,2.49
12/12/2019,2.58
12/11/2019,2.51
12/10/2019,2.53
12/9/2019,2.53
12/6/2019,2.54
12/5/2019,2.51
12/4/2019,2.51
12/3/2019,2.46
12/2/2019,2.57
11/30/2019,2.51
11/29/2019,2.48
11/27/2019,2.48
11/26/2019,2.47
11/25/2019,2.5
11/22/2019,2.52
11/21/2019,2.52
11/20/2019,2.48
11/19/2019,2.51
11/18/2019,2.52
11/15/2019,2.55
11/14/2019,2.54
11/13/2019,2.58
11/12/2019,2.6
11/11/2019,2.62
11/8/2019,2.62
11/7/2019,2.62
11/6/2019,2.54
11/5/2019,2.59
11/4/2019,2.53
11/1/2019,2.49
10/31/2019,2.46
10/30/2019,2.54
10/29/2019,2.56
10/28/2019,2.56
10/25/2019,2.53
10/24/2019,2.5
10/23/2019,2.5
10/22/2019,2.5
10/21/2019,2.53
10/18/2019,2.49
10/17/2019,2.5
10/16/2019,2.5
10/15/2019,2.53
10/14/2019,2.53
10/11/2019,2.53
10/10/2019,2.47
10/9/2019,2.42
10/8/2019,2.38
10/7/2019,2.39
10/4/2019,2.35
10/3/2019,2.38
10/2/2019,2.43
10/1/2019,2.46
9/30/2019,2.49
9/27/2019,2.48
9/26/2019,2.49
9/25/2019,2.54
9/24/2019,2.45
9/23/2019,2.51
9/20/2019,2.55
9/19/2019,2.57
9/18/2019,2.6
9/17/2019,2.63
9/16/2019,2.66
9/13/2019,2.71
9/12/2019,2.61
9/11/2019,2.56
9/10/2019,2.54
9/9/2019,2.46
9/6/2019,2.39
9/5/2019,2.41
9/4/2019,2.31
9/3/2019,2.32
9/2/2019,2.35
8/31/2019,2.35
8/30/2019,2.34
8/29/2019,2.35
8/28/2019,2.31
8/27/2019,2.32
8/26/2019,2.38
8/23/2019,2.36
8/22/2019,2.43
8/21/2019,2.4
8/20/2019,2.39
8/19/2019,2.43
8/16/2019,2.38
8/15/2019,2.39
8/14/2019,2.44
8/13/2019,2.52
8/12/2019,2.49
8/9/2019,2.57
8/8/2019,2.56
8/7/2019,2.55
8/6/2019,2.59
8/5/2019,2.59
8/2/2019,2.65
8/1/2019,2.65
7/31/2019,2.76
7/30/2019,2.78
7/29/2019,2.77
7/26/2019,2.79
7/25/2019,2.79
7/24/2019,2.76
7/23/2019,2.79
7/22/2019,2.78
7/19/2019,2.78
7/18/2019,2.77
7/17/2019,2.8
7/16/2019,2.85
7/15/2019,2.83
7/12/2019,2.84
7/11/2019,2.85
7/10/2019,2.8
7/9/2019,2.81
7/8/2019,2.78
7/5/2019,2.79
7/4/2019,2.7
7/2/2019,2.73
7/1/2019,2.77
6/30/2019,2.75
6/28/2019,2.75
6/27/2019,2.76
6/26/2019,2.81
6/25/2019,2.79
6/24/2019,2.77
6/21/2019,2.82
6/20/2019,2.78
6/19/2019,2.82
6/18/2019,2.86
6/17/2019,2.89
6/14/2019,2.91
6/13/2019,2.9
6/12/2019,2.94
6/11/2019,2.95
6/10/2019,2.96
6/7/2019,2.92
6/6/2019,2.97
6/5/2019,2.97
6/4/2019,2.97
6/3/2019,2.93
5/31/2019,2.98
5/30/2019,3.04
5/29/2019,3.07
5/28/2019,3.08
5/27/2019,3.13
5/24/2019,3.13
5/23/2019,3.1
5/22/2019,3.17
5/21/2019,3.2
5/20/2019,3.18
5/17/2019,3.16
5/16/2019,3.17
5/15/2019,3.16
5/14/2019,3.19
5/13/2019,3.19
5/10/2019,3.21
5/9/2019,3.21
5/8/2019,3.22
5/7/2019,3.19
5/6/2019,3.22
5/3/2019,3.24
5/2/2019,3.26
5/1/2019,3.21
4/30/2019,3.21
4/29/2019,3.23
4/26/2019,3.2
4/25/2019,3.23
4/24/2019,3.21
4/23/2019,3.26
4/22/2019,3.28
4/18/2019,3.25
4/17/2019,3.28
4/16/2019,3.28
4/15/2019,3.24
4/12/2019,3.26
4/11/2019,3.22
4/10/2019,3.2
4/9/2019,3.22
4/8/2019,3.24
4/5/2019,3.23
4/4/2019,3.23
4/3/2019,3.24
4/2/2019,3.21
4/1/2019,3.22
3/31/2019,3.16
3/29/2019,3.16
3/28/2019,3.14
3/27/2019,3.13
3/26/2019,3.15
3/25/2019,3.16
3/22/2019,3.2
3/21/2019,3.28
3/20/2019,3.29
3/19/2019,3.35
3/18/2019,3.33
3/15/2019,3.33
3/14/2019,3.37
3/13/2019,3.35
3/12/2019,3.34
3/11/2019,3.38
3/8/2019,3.37
3/7/2019,3.37
3/6/2019,3.41
3/5/2019,3.43
3/4/2019,3.43
3/1/2019,3.45
2/28/2019,3.43
2/27/2019,3.37
2/26/2019,3.32
2/25/2019,3.34
2/22/2019,3.33
2/21/2019,3.36
2/20/2019,3.32
2/19/2019,3.32
2/18/2019,3.32
2/15/2019,3.32
2/14/2019,3.31
2/13/2019,3.34
2/12/2019,3.33
2/11/2019,3.31
2/8/2019,3.3
2/7/2019,3.31
2/6/2019,3.34
2/5/2019,3.35
2/4/2019,3.38
2/1/2019,3.36
1/31/2019,3.33
1/30/2019,3.39
1/29/2019,3.4
1/28/2019,3.43
1/25/2019,3.44
1/24/2019,3.42
1/23/2019,3.45
1/22/2019,3.45
1/21/2019,3.5
1/18/2019,3.5
1/17/2019,3.5
1/16/2019,3.51
1/15/2019,3.51
1/14/2019,3.51
1/11/2019,3.5
1/10/2019,3.52
1/9/2019,3.51
1/8/2019,3.52
1/7/2019,3.5
1/4/2019,3.51
1/3/2019,3.42
1/2/2019,3.5
12/31/2018,3.53
12/28/2018,3.56
12/27/2018,3.55
12/26/2018,3.57
12/24/2018,3.52
12/21/2018,3.56
12/20/2018,3.55
12/19/2018,3.5
12/18/2018,3.55
12/17/2018,3.59
12/14/2018,3.62
12/13/2018,3.63
12/12/2018,3.64
12/11/2018,3.65
12/10/2018,3.65
12/7/2018,3.64
12/6/2018,3.66
12/5/2018,3.68
12/4/2018,3.68
12/3/2018,3.73
11/30/2018,3.77
11/29/2018,3.75
11/28/2018,3.76
11/27/2018,3.75
11/26/2018,3.74
11/23/2018,3.74
11/22/2018,3.75
11/21/2018,3.75
11/20/2018,3.75
11/19/2018,3.75
11/16/2018,3.75
11/15/2018,3.78
11/14/2018,3.74
11/13/2018,3.75
11/12/2018,3.76
11/9/2018,3.76
11/8/2018,3.79
11/7/2018,3.79
11/6/2018,3.81
11/5/2018,3.81
11/2/2018,3.83
11/1/2018,3.79
10/31/2018,3.8
10/30/2018,3.77
10/29/2018,3.73
10/26/2018,3.72
10/25/2018,3.76
10/24/2018,3.73
10/23/2018,3.78
10/22/2018,3.78
10/19/2018,3.78
10/18/2018,3.75
10/17/2018,3.75
10/16/2018,3.72
10/15/2018,3.73
10/12/2018,3.71
10/11/2018,3.71
10/10/2018,3.75
10/9/2018,3.75
10/8/2018,3.77
10/5/2018,3.77
10/4/2018,3.73
10/3/2018,3.69
10/2/2018,3.61
10/1/2018,3.63
9/30/2018,3.61
9/28/2018,3.6
9/27/2018,3.6
9/26/2018,3.61
9/25/2018,3.64
9/24/2018,3.62
9/21/2018,3.61
9/20/2018,3.61
9/19/2018,3.63
9/18/2018,3.6
9/17/2018,3.56
9/14/2018,3.56
9/13/2018,3.54
9/12/2018,3.55
9/11/2018,3.58
9/10/2018,3.55
9/7/2018,3.56
9/6/2018,3.51
9/5/2018,3.53
9/4/2018,3.54
9/3/2018,3.49
8/31/2018,3.49
8/30/2018,3.45
8/29/2018,3.45
8/28/2018,3.46
8/27/2018,3.43
8/24/2018,3.41
8/23/2018,3.4
8/22/2018,3.4
8/21/2018,3.41
8/20/2018,3.39
8/17/2018,3.44
8/16/2018,3.44
8/15/2018,3.44
8/14/2018,3.47
8/13/2018,3.46
8/10/2018,3.44
8/9/2018,3.48
8/8/2018,3.5
8/7/2018,3.49
8/6/2018,3.47
8/3/2018,3.5
8/2/2018,3.53
8/1/2018,3.54
7/31/2018,3.51
7/30/2018,3.52
7/27/2018,3.51
7/26/2018,3.53
7/25/2018,3.5
7/24/2018,3.51
7/23/2018,3.55
7/20/2018,3.48
7/19/2018,3.44
7/18/2018,3.47
7/17/2018,3.46
7/16/2018,3.45
7/13/2018,3.43
7/12/2018,3.46
7/11/2018,3.46
7/10/2018,3.48
7/9/2018,3.48
7/6/2018,3.46
7/5/2018,3.48
7/4/2018,3.49
7/3/2018,3.49
7/2/2018,3.53
6/30/2018,3.51
6/29/2018,3.49
6/28/2018,3.49
6/27/2018,3.47
6/26/2018,3.53
6/25/2018,3.53
6/22/2018,3.54
6/21/2018,3.53
6/20/2018,3.53
6/19/2018,3.5
6/18/2018,3.51
6/15/2018,3.5
6/14/2018,3.52
6/13/2018,3.55
6/12/2018,3.53
6/11/2018,3.53
6/8/2018,3.51
6/7/2018,3.51
6/6/2018,3.54
6/5/2018,3.49
6/4/2018,3.5
6/1/2018,3.47
5/31/2018,3.41
5/30/2018,3.43
5/29/2018,3.36
5/28/2018,3.48
5/25/2018,3.48
5/24/2018,3.51
5/23/2018,3.54
5/22/2018,3.59
5/21/2018,3.59
5/18/2018,3.58
5/17/2018,3.62
5/16/2018,3.62
5/15/2018,3.6
5/14/2018,3.53
5/11/2018,3.52
5/10/2018,3.54
5/9/2018,3.57
5/8/2018,3.55
5/7/2018,3.54
5/4/2018,3.53
5/3/2018,3.53
5/2/2018,3.54
5/1/2018,3.56
4/30/2018,3.51
4/27/2018,3.52
4/26/2018,3.56
4/25/2018,3.58
4/24/2018,3.54
4/23/2018,3.52
4/20/2018,3.5
4/19/2018,3.48
4/18/2018,3.43
4/17/2018,3.38
4/16/2018,3.39
4/13/2018,3.4
4/12/2018,3.4
4/11/2018,3.36
4/10/2018,3.37
4/9/2018,3.37
4/6/2018,3.37
4/5/2018,3.42
4/4/2018,3.4
4/3/2018,3.39
4/2/2018,3.35
3/31/2018,3.36
3/29/2018,3.35
3/28/2018,3.38
3/27/2018,3.39
3/26/2018,3.44
3/23/2018,3.43
3/22/2018,3.42
3/21/2018,3.47
3/20/2018,3.44
3/19/2018,3.4
3/16/2018,3.41
3/15/2018,3.39
3/14/2018,3.39
3/13/2018,3.4
3/12/2018,3.4
3/9/2018,3.42
3/8/2018,3.39
3/7/2018,3.41
3/6/2018,3.4
3/5/2018,3.42
3/2/2018,3.4
3/1/2018,3.35
2/28/2018,3.38
2/27/2018,3.38
2/26/2018,3.33
2/23/2018,3.35
2/22/2018,3.37
2/21/2018,3.4
2/20/2018,3.35
2/19/2018,3.33
2/16/2018,3.33
2/15/2018,3.34
2/14/2018,3.37
2/13/2018,3.32
2/12/2018,3.3
2/9/2018,3.28
2/8/2018,3.28
2/7/2018,3.25
2/6/2018,3.21
2/5/2018,3.21
2/2/2018,3.26
2/1/2018,3.21
1/31/2018,3.18
1/30/2018,3.18
1/29/2018,3.15
1/26/2018,3.13
1/25/2018,3.1
1/24/2018,3.14
1/23/2018,3.12
1/22/2018,3.14
1/19/2018,3.12
1/18/2018,3.09
1/17/2018,3.06
1/16/2018,3.04
1/15/2018,3.04
1/12/2018,3.04
1/11/2018,3.04
1/10/2018,3.06
1/9/2018,3.06
1/8/2018,3.02
1/5/2018,3.02
1/4/2018,3.01
1/3/2018,3
1/2/2018,3.01
12/31/2017,2.95
12/29/2017,2.93
12/28/2017,2.95
12/27/2017,2.94
12/26/2017,2.99
12/22/2017,3.01
12/21/2017,3
12/20/2017,3.03
12/19/2017,2.99
12/18/2017,2.94
12/15/2017,2.91
12/14/2017,2.91
12/13/2017,2.91
12/12/2017,2.97
12/11/2017,2.96
12/8/2017,2.96
12/7/2017,2.96
12/6/2017,2.92
12/5/2017,2.93
12/4/2017,2.95
12/1/2017,2.94
11/30/2017,2.99
11/29/2017,2.94
11/28/2017,2.91
11/27/2017,2.9
11/24/2017,2.9
11/23/2017,2.89
11/22/2017,2.89
11/21/2017,2.94
11/20/2017,2.96
11/17/2017,2.95
11/16/2017,2.96
11/15/2017,2.94
11/14/2017,2.97
11/13/2017,2.98
11/10/2017,2.99
11/9/2017,2.92
11/8/2017,2.9
11/7/2017,2.87
11/6/2017,2.86
11/3/2017,2.87
11/2/2017,2.87
11/1/2017,2.9
10/31/2017,2.89
10/30/2017,2.87
10/27/2017,2.91
10/26/2017,2.93
10/25/2017,2.93
10/24/2017,2.89
10/23/2017,2.88
10/20/2017,2.89
10/19/2017,2.85
10/18/2017,2.86
10/17/2017,2.84
10/16/2017,2.85
10/13/2017,2.82
10/12/2017,2.85
10/11/2017,2.86
10/10/2017,2.86
10/9/2017,2.88
10/6/2017,2.88
10/5/2017,2.87
10/4/2017,2.85
10/3/2017,2.85
10/2/2017,2.87
9/30/2017,2.87
9/29/2017,2.87
9/28/2017,2.86
9/27/2017,2.89
9/26/2017,2.83
9/25/2017,2.83
9/22/2017,2.86
9/21/2017,2.88
9/20/2017,2.88
9/19/2017,2.87
9/18/2017,2.87
9/15/2017,2.85
9/14/2017,2.85
9/13/2017,2.86
9/12/2017,2.85
9/11/2017,2.82
9/8/2017,2.77
9/7/2017,2.76
9/6/2017,2.79
9/5/2017,2.75
9/4/2017,2.82
9/1/2017,2.82
8/31/2017,2.79
8/30/2017,2.8
8/29/2017,2.79
8/28/2017,2.8
8/25/2017,2.81
8/24/2017,2.83
8/23/2017,2.81
8/22/2017,2.84
8/21/2017,2.82
8/18/2017,2.83
8/17/2017,2.83
8/16/2017,2.85
8/15/2017,2.89
8/14/2017,2.86
8/11/2017,2.84
8/10/2017,2.85
8/9/2017,2.86
8/8/2017,2.88
8/7/2017,2.85
8/4/2017,2.87
8/3/2017,2.83
8/2/2017,2.86
8/1/2017,2.84
7/31/2017,2.88
7/28/2017,2.86
7/27/2017,2.88
7/26/2017,2.86
7/25/2017,2.9
7/24/2017,2.84
7/21/2017,2.81
7/20/2017,2.84
7/19/2017,2.84
7/18/2017,2.83
7/17/2017,2.87
7/14/2017,2.88
7/13/2017,2.91
7/12/2017,2.89
7/11/2017,2.93
7/10/2017,2.94
7/7/2017,2.96
7/6/2017,2.95
7/5/2017,2.93
7/4/2017,2.95
7/3/2017,2.95
6/30/2017,2.91
6/29/2017,2.89
6/28/2017,2.86
6/27/2017,2.85
6/26/2017,2.81
6/23/2017,2.82
6/22/2017,2.83
6/21/2017,2.83
6/20/2017,2.84
6/19/2017,2.87
6/16/2017,2.86
6/15/2017,2.87
6/14/2017,2.84
6/13/2017,2.91
6/12/2017,2.91
6/9/2017,2.9
6/8/2017,2.9
6/7/2017,2.88
6/6/2017,2.86
6/5/2017,2.88
6/2/2017,2.87
6/1/2017,2.91
5/31/2017,2.9
5/30/2017,2.9
5/29/2017,2.93
5/26/2017,2.93
5/25/2017,2.94
5/24/2017,2.95
5/23/2017,2.96
5/22/2017,2.93
5/19/2017,2.93
5/18/2017,2.92
5/17/2017,2.9
5/16/2017,2.98
5/15/2017,2.99
5/12/2017,2.99
5/11/2017,3.05
5/10/2017,3.06
5/9/2017,3.06
5/8/2017,3.04
5/5/2017,3.02
5/4/2017,3.03
5/3/2017,2.99
5/2/2017,2.99
5/1/2017,3.03
4/30/2017,2.99
4/28/2017,2.98
4/27/2017,2.99
4/26/2017,3
4/25/2017,3.01
4/24/2017,2.97
4/21/2017,2.94
4/20/2017,2.94
4/19/2017,2.91
4/18/2017,2.9
4/17/2017,2.96
4/13/2017,2.94
4/12/2017,2.99
4/11/2017,2.99
4/10/2017,3.04
4/7/2017,3.05
4/6/2017,3.03
4/5/2017,3.04
4/4/2017,3.04
4/3/2017,3.03
3/31/2017,3.07
3/30/2017,3.08
3/29/2017,3.06
3/28/2017,3.08
3/27/2017,3.06
3/24/2017,3.07
3/23/2017,3.09
3/22/2017,3.08
3/21/2017,3.11
3/20/2017,3.14
3/17/2017,3.16
3/16/2017,3.18
3/15/2017,3.17
3/14/2017,3.25
3/13/2017,3.25
3/10/2017,3.22
3/9/2017,3.23
3/8/2017,3.19
3/7/2017,3.15
3/6/2017,3.12
3/3/2017,3.11
3/2/2017,3.12
3/1/2017,3.11
2/28/2017,3.03
2/27/2017,2.98
2/24/2017,2.94
2/23/2017,3
2/22/2017,3.02
2/21/2017,3.03
2/20/2017,3.02
2/17/2017,3.02
2/16/2017,3.04
2/15/2017,3.09
2/14/2017,3.07
2/13/2017,3.04
2/10/2017,3.03
2/9/2017,3.03
2/8/2017,2.99
2/7/2017,3.02
2/6/2017,3.04
2/3/2017,3.1
2/2/2017,3.09
2/1/2017,3.11
1/31/2017,3.1
1/30/2017,3.1
1/27/2017,3.06
1/26/2017,3.08
1/25/2017,3.1
1/24/2017,3.07
1/23/2017,3
1/20/2017,3.06
1/19/2017,3.06
1/18/2017,3.01
1/17/2017,2.96
1/16/2017,3
1/13/2017,3.01
1/12/2017,2.99
1/11/2017,2.99
1/10/2017,3
1/9/2017,3
1/6/2017,3.03
1/5/2017,2.98
1/4/2017,3.05
1/3/2017,3.05
12/31/2016,3.05
12/30/2016,3.04
12/29/2016,3.07
12/28/2016,3.1
12/27/2016,3.15
12/23/2016,3.13
12/22/2016,3.14
12/21/2016,3.14
12/20/2016,3.16
12/19/2016,3.15
12/16/2016,3.2
12/15/2016,3.18
12/14/2016,3.15
12/13/2016,3.12
12/12/2016,3.12
12/9/2016,3.12
12/8/2016,3.06
12/7/2016,3.03
12/6/2016,3.06
12/5/2016,3.06
12/2/2016,3.06
12/1/2016,3.1
11/30/2016,3.05
11/29/2016,2.96
11/28/2016,2.98
11/25/2016,3.02
11/24/2016,3.01
11/23/2016,3.01
11/22/2016,3
11/21/2016,3.01
11/18/2016,2.99
11/17/2016,2.95
11/16/2016,2.9
11/15/2016,2.92
11/14/2016,2.9
11/11/2016,2.82
11/10/2016,2.82
11/9/2016,2.82
11/8/2016,2.66
11/7/2016,2.64
11/4/2016,2.61
11/3/2016,2.63
11/2/2016,2.62
11/1/2016,2.63
10/31/2016,2.64
10/28/2016,2.63
10/27/2016,2.63
10/26/2016,2.59
10/25/2016,2.55
10/24/2016,2.55
10/21/2016,2.52
10/20/2016,2.52
10/19/2016,2.52
10/18/2016,2.52
10/17/2016,2.55
10/14/2016,2.58
10/13/2016,2.54
10/12/2016,2.57
10/11/2016,2.56
10/10/2016,2.55
10/7/2016,2.55
10/6/2016,2.55
10/5/2016,2.54
10/4/2016,2.52
10/3/2016,2.48
9/30/2016,2.47
9/29/2016,2.43
9/28/2016,2.44
9/27/2016,2.43
9/26/2016,2.45
9/23/2016,2.47
9/22/2016,2.49
9/21/2016,2.52
9/20/2016,2.53
9/19/2016,2.54
9/16/2016,2.55
9/15/2016,2.55
9/14/2016,2.55
9/13/2016,2.58
9/12/2016,2.52
9/9/2016,2.52
9/8/2016,2.47
9/7/2016,2.4
9/6/2016,2.39
9/5/2016,2.43
9/2/2016,2.43
9/1/2016,2.41
8/31/2016,2.41
8/30/2016,2.32
8/29/2016,2.32
8/26/2016,2.38
8/25/2016,2.33
8/24/2016,2.31
8/23/2016,2.31
8/22/2016,2.32
8/19/2016,2.34
8/18/2016,2.31
8/17/2016,2.33
8/16/2016,2.35
8/15/2016,2.33
8/12/2016,2.31
8/11/2016,2.35
8/10/2016,2.3
8/9/2016,2.34
8/8/2016,2.37
8/5/2016,2.39
8/4/2016,2.33
8/3/2016,2.37
8/2/2016,2.37
8/1/2016,2.32
7/31/2016,2.28
7/29/2016,2.27
7/28/2016,2.32
7/27/2016,2.32
7/26/2016,2.35
7/25/2016,2.35
7/22/2016,2.35
7/21/2016,2.34
7/20/2016,2.35
7/19/2016,2.33
7/18/2016,2.34
7/15/2016,2.35
7/14/2016,2.31
7/13/2016,2.27
7/12/2016,2.31
7/11/2016,2.26
7/8/2016,2.22
7/7/2016,2.24
7/6/2016,2.25
7/5/2016,2.24
7/4/2016,2.31
7/1/2016,2.31
6/30/2016,2.34
6/29/2016,2.34
6/28/2016,2.32
6/27/2016,2.31
6/24/2016,2.4
6/23/2016,2.51
6/22/2016,2.47
6/21/2016,2.48
6/20/2016,2.46
6/17/2016,2.44
6/16/2016,2.4
6/15/2016,2.41
6/14/2016,2.42
6/13/2016,2.41
6/10/2016,2.41
6/9/2016,2.43
6/8/2016,2.46
6/7/2016,2.47
6/6/2016,2.48
6/3/2016,2.47
6/2/2016,2.55
6/1/2016,2.58
5/31/2016,2.56
5/30/2016,2.55
5/27/2016,2.55
5/26/2016,2.54
5/25/2016,2.59
5/24/2016,2.58
5/23/2016,2.57
5/20/2016,2.57
5/19/2016,2.56
5/18/2016,2.59
5/17/2016,2.49
5/16/2016,2.48
5/13/2016,2.44
5/12/2016,2.47
5/11/2016,2.44
5/10/2016,2.45
5/9/2016,2.46
5/6/2016,2.48
5/5/2016,2.45
5/4/2016,2.47
5/3/2016,2.47
5/2/2016,2.52
4/30/2016,2.49
4/29/2016,2.41
4/28/2016,2.42
4/27/2016,2.45
4/26/2016,2.49
4/25/2016,2.47
4/22/2016,2.46
4/21/2016,2.45
4/20/2016,2.44
4/19/2016,2.39
4/18/2016,2.39
4/15/2016,2.38
4/14/2016,2.42
4/13/2016,2.4
4/12/2016,2.43
4/11/2016,2.39
4/8/2016,2.39
4/7/2016,2.36
4/6/2016,2.42
4/5/2016,2.4
4/4/2016,2.45
4/1/2016,2.47
3/31/2016,2.47
3/30/2016,2.44
3/29/2016,2.44
3/28/2016,2.5
3/24/2016,2.52
3/23/2016,2.49
3/22/2016,2.54
3/21/2016,2.54
3/18/2016,2.5
3/17/2016,2.54
3/16/2016,2.56
3/15/2016,2.59
3/14/2016,2.59
3/11/2016,2.62
3/10/2016,2.62
3/9/2016,2.61
3/8/2016,2.57
3/7/2016,2.63
3/4/2016,2.63
3/3/2016,2.59
3/2/2016,2.62
3/1/2016,2.62
2/29/2016,2.55
2/26/2016,2.58
2/25/2016,2.53
2/24/2016,2.57
2/23/2016,2.58
2/22/2016,2.6
2/19/2016,2.6
2/18/2016,2.6
2/17/2016,2.65
2/16/2016,2.61
2/15/2016,2.59
2/12/2016,2.59
2/11/2016,2.52
2/10/2016,2.55
2/9/2016,2.57
2/8/2016,2.56
2/5/2016,2.65
2/4/2016,2.65
2/3/2016,2.67
2/2/2016,2.66
2/1/2016,2.73
1/31/2016,2.69
1/29/2016,2.69
1/28/2016,2.73
1/27/2016,2.72
1/26/2016,2.72
1/25/2016,2.73
1/22/2016,2.75
1/21/2016,2.73
1/20/2016,2.72
1/19/2016,2.71
1/18/2016,2.7
1/15/2016,2.71
1/14/2016,2.72
1/13/2016,2.68
1/12/2016,2.71
1/11/2016,2.75
1/8/2016,2.73
1/7/2016,2.76
1/6/2016,2.77
1/5/2016,2.83
1/4/2016,2.83
12/31/2015,2.86
12/30/2015,2.88
12/29/2015,2.89
12/28/2015,2.82
12/24/2015,2.83
12/23/2015,2.85
12/22/2015,2.83
12/21/2015,2.8
12/18/2015,2.8
12/17/2015,2.83
12/16/2015,2.87
12/15/2015,2.86
12/14/2015,2.83
12/11/2015,2.73
12/10/2015,2.81
12/9/2015,2.78
12/8/2015,2.8
12/7/2015,2.78
12/4/2015,2.82
12/3/2015,2.86
12/2/2015,2.76
12/1/2015,2.74
11/30/2015,2.81
11/27/2015,2.75
11/26/2015,2.75
11/25/2015,2.75
11/24/2015,2.76
11/23/2015,2.77
11/20/2015,2.77
11/19/2015,2.76
11/18/2015,2.78
11/17/2015,2.77
11/16/2015,2.8
11/13/2015,2.81
11/12/2015,2.83
11/11/2015,2.82
11/10/2015,2.82
11/9/2015,2.85
11/6/2015,2.84
11/5/2015,2.77
11/4/2015,2.76
11/3/2015,2.75
11/2/2015,2.72
10/31/2015,2.7
10/30/2015,2.7
10/29/2015,2.71
10/28/2015,2.63
10/27/2015,2.56
10/26/2015,2.59
10/23/2015,2.61
10/22/2015,2.57
10/21/2015,2.59
10/20/2015,2.63
10/19/2015,2.6
10/16/2015,2.6
10/15/2015,2.6
10/14/2015,2.57
10/13/2015,2.64
10/12/2015,2.68
10/9/2015,2.68
10/8/2015,2.69
10/7/2015,2.66
10/6/2015,2.65
10/5/2015,2.67
10/2/2015,2.62
10/1/2015,2.67
9/30/2015,2.68
9/29/2015,2.66
9/28/2015,2.69
9/25/2015,2.74
9/24/2015,2.71
9/23/2015,2.72
9/22/2015,2.71
9/21/2015,2.78
9/18/2015,2.71
9/17/2015,2.78
9/16/2015,2.88
9/15/2015,2.86
9/14/2015,2.78
9/11/2015,2.77
9/10/2015,2.81
9/9/2015,2.78
9/8/2015,2.79
9/7/2015,2.75
9/4/2015,2.75
9/3/2015,2.79
9/2/2015,2.82
9/1/2015,2.81
8/31/2015,2.83
8/28/2015,2.8
8/27/2015,2.79
8/26/2015,2.81
8/25/2015,2.78
8/24/2015,2.67
8/21/2015,2.7
8/20/2015,2.72
8/19/2015,2.75
8/18/2015,2.8
8/17/2015,2.77
8/14/2015,2.81
8/13/2015,2.81
8/12/2015,2.75
8/11/2015,2.74
8/10/2015,2.83
8/7/2015,2.78
8/6/2015,2.82
8/5/2015,2.85
8/4/2015,2.8
8/3/2015,2.74
7/31/2015,2.78
7/30/2015,2.8
7/29/2015,2.81
7/28/2015,2.79
7/27/2015,2.77
7/24/2015,2.8
7/23/2015,2.81
7/22/2015,2.84
7/21/2015,2.85
7/20/2015,2.87
7/17/2015,2.84
7/16/2015,2.85
7/15/2015,2.83
7/14/2015,2.87
7/13/2015,2.9
7/10/2015,2.89
7/9/2015,2.8
7/8/2015,2.72
7/7/2015,2.74
7/6/2015,2.77
7/3/2015,2.85
7/2/2015,2.85
7/1/2015,2.89
6/30/2015,2.82
6/29/2015,2.81
6/26/2015,2.91
6/25/2015,2.86
6/24/2015,2.84
6/23/2015,2.87
6/22/2015,2.84
6/19/2015,2.77
6/18/2015,2.83
6/17/2015,2.79
6/16/2015,2.81
6/15/2015,2.83
6/12/2015,2.85
6/11/2015,2.84
6/10/2015,2.91
6/9/2015,2.86
6/8/2015,2.83
6/5/2015,2.86
6/4/2015,2.78
6/3/2015,2.83
6/2/2015,2.76
6/1/2015,2.71
5/31/2015,2.63
5/29/2015,2.58
5/28/2015,2.6
5/27/2015,2.61
5/26/2015,2.6
5/22/2015,2.67
5/21/2015,2.62
5/20/2015,2.66
5/19/2015,2.67
5/18/2015,2.64
5/15/2015,2.57
5/14/2015,2.63
5/13/2015,2.67
5/12/2015,2.67
5/11/2015,2.68
5/8/2015,2.59
5/7/2015,2.63
5/6/2015,2.66
5/5/2015,2.6
5/4/2015,2.57
5/1/2015,2.57
4/30/2015,2.51
4/29/2015,2.48
4/28/2015,2.43
4/27/2015,2.38
4/24/2015,2.38
4/23/2015,2.4
4/22/2015,2.43
4/21/2015,2.39
4/20/2015,2.38
4/17/2015,2.33
4/16/2015,2.35
4/15/2015,2.37
4/14/2015,2.37
4/13/2015,2.4
4/10/2015,2.42
4/9/2015,2.43
4/8/2015,2.37
4/7/2015,2.37
4/6/2015,2.37
4/2/2015,2.39
4/1/2015,2.37
3/31/2015,2.41
3/30/2015,2.47
3/27/2015,2.45
3/26/2015,2.51
3/25/2015,2.44
3/24/2015,2.41
3/23/2015,2.44
3/20/2015,2.45
3/19/2015,2.49
3/18/2015,2.46
3/17/2015,2.56
3/16/2015,2.57
3/13/2015,2.58
3/12/2015,2.56
3/11/2015,2.57
3/10/2015,2.57
3/9/2015,2.62
3/6/2015,2.66
3/5/2015,2.56
3/4/2015,2.58
3/3/2015,2.59
3/2/2015,2.56
2/28/2015,2.49
2/27/2015,2.32
2/26/2015,2.34
2/25/2015,2.3
2/24/2015,2.3
2/23/2015,2.36
2/20/2015,2.43
2/19/2015,2.41
2/18/2015,2.38
2/17/2015,2.46
2/16/2015,2.37
2/13/2015,2.38
2/12/2015,2.34
2/11/2015,2.36
2/10/2015,2.36
2/9/2015,2.32
2/6/2015,2.32
2/5/2015,2.21
2/4/2015,2.21
2/3/2015,2.2
2/2/2015,2.11
1/31/2015,2.11
1/30/2015,2.1
1/29/2015,2.17
1/28/2015,2.15
1/27/2015,2.22
1/26/2015,2.23
1/23/2015,2.22
1/22/2015,2.27
1/21/2015,2.25
1/20/2015,2.22
1/19/2015,2.23
1/15/2015,2.19
1/14/2015,2.23
1/13/2015,2.27
1/12/2015,2.29
1/9/2015,2.34
1/8/2015,2.38
1/7/2015,2.34
1/6/2015,2.35
1/5/2015,2.41
1/2/2015,2.46
12/31/2014,2.5
12/30/2014,2.5
12/29/2014,2.52
12/26/2014,2.57
12/24/2014,2.57
12/23/2014,2.58
12/22/2014,2.51
12/19/2014,2.52
12/18/2014,2.53
12/17/2014,2.5
12/16/2014,2.42
12/15/2014,2.45
12/12/2014,2.43
12/11/2014,2.49
12/10/2014,2.48
12/9/2014,2.52
12/8/2014,2.55
12/5/2014,2.57
12/4/2014,2.51
12/3/2014,2.54
12/2/2014,2.52
12/1/2014,2.47
11/30/2014,2.44
11/28/2014,2.46
11/27/2014,2.5
11/26/2014,2.5
11/25/2014,2.52
11/24/2014,2.58
11/21/2014,2.58
11/20/2014,2.59
11/19/2014,2.61
11/18/2014,2.57
11/17/2014,2.58
11/14/2014,2.56
11/13/2014,2.59
11/12/2014,2.6
11/11/2014,2.6
11/10/2014,2.6
11/7/2014,2.57
11/6/2014,2.61
11/5/2014,2.59
11/4/2014,2.59
11/3/2014,2.59
10/31/2014,2.58
10/30/2014,2.55
10/29/2014,2.57
10/28/2014,2.53
10/27/2014,2.51
10/24/2014,2.52
10/23/2014,2.52
10/22/2014,2.48
10/21/2014,2.46
10/20/2014,2.44
10/17/2014,2.47
10/16/2014,2.43
10/15/2014,2.37
10/14/2014,2.44
10/13/2014,2.52
10/10/2014,2.53
10/9/2014,2.54
10/8/2014,2.54
10/7/2014,2.57
10/6/2014,2.62
10/3/2014,2.65
10/2/2014,2.63
10/1/2014,2.61
9/30/2014,2.68
9/29/2014,2.56
9/26/2014,2.59
9/25/2014,2.57
9/24/2014,2.61
9/23/2014,2.58
9/22/2014,2.61
9/19/2014,2.63
9/18/2014,2.65
9/17/2014,2.64
9/16/2014,2.62
9/15/2014,2.63
9/12/2014,2.65
9/11/2014,2.6
9/10/2014,2.61
9/9/2014,2.58
9/8/2014,2.55
9/5/2014,2.54
9/4/2014,2.55
9/3/2014,2.52
9/2/2014,2.52
9/1/2014,2.46
8/31/2014,2.46
8/29/2014,2.46
8/28/2014,2.46
8/27/2014,2.48
8/26/2014,2.5
8/25/2014,2.5
8/22/2014,2.5
8/21/2014,2.49
8/20/2014,2.5
8/19/2014,2.47
8/18/2014,2.45
8/15/2014,2.42
8/14/2014,2.45
8/13/2014,2.47
8/12/2014,2.5
8/11/2014,2.49
8/8/2014,2.48
8/7/2014,2.48
8/6/2014,2.52
8/5/2014,2.53
8/4/2014,2.53
8/1/2014,2.54
7/31/2014,2.59
7/30/2014,2.57
7/29/2014,2.5
7/28/2014,2.53
7/25/2014,2.51
7/24/2014,2.54
7/23/2014,2.51
7/22/2014,2.51
7/21/2014,2.52
7/18/2014,2.52
7/17/2014,2.51
7/16/2014,2.55
7/15/2014,2.55
7/14/2014,2.54
7/11/2014,2.53
7/10/2014,2.53
7/9/2014,2.55
7/8/2014,2.57
7/7/2014,2.6
7/4/2014,2.62
7/3/2014,2.62
7/2/2014,2.6
7/1/2014,2.55
6/30/2014,2.51
6/27/2014,2.53
6/26/2014,2.52
6/25/2014,2.55
6/24/2014,2.57
6/23/2014,2.59
6/20/2014,2.6
6/19/2014,2.59
6/18/2014,2.6
6/17/2014,2.62
6/16/2014,2.58
6/13/2014,2.59
6/12/2014,2.57
6/11/2014,2.6
6/10/2014,2.61
6/9/2014,2.59
6/6/2014,2.57
6/5/2014,2.56
6/4/2014,2.57
6/3/2014,2.57
6/2/2014,2.53
5/31/2014,2.47
5/30/2014,2.43
5/29/2014,2.43
5/28/2014,2.42
5/27/2014,2.47
5/26/2014,2.48
5/23/2014,2.48
5/22/2014,2.5
5/21/2014,2.49
5/20/2014,2.46
5/19/2014,2.48
5/16/2014,2.48
5/15/2014,2.47
5/14/2014,2.49
5/13/2014,2.55
5/12/2014,2.58
5/9/2014,2.55
5/8/2014,2.54
5/7/2014,2.56
5/6/2014,2.57
5/5/2014,2.58
5/2/2014,2.57
5/1/2014,2.57
4/30/2014,2.6
4/29/2014,2.61
4/28/2014,2.6
4/25/2014,2.58
4/24/2014,2.6
4/23/2014,2.59
4/22/2014,2.62
4/21/2014,2.62
4/17/2014,2.62
4/16/2014,2.56
4/15/2014,2.55
4/14/2014,2.55
4/11/2014,2.53
4/10/2014,2.54
4/9/2014,2.59
4/8/2014,2.6
4/7/2014,2.61
4/4/2014,2.63
4/3/2014,2.69
4/2/2014,2.7
4/1/2014,2.67
3/31/2014,2.66
3/28/2014,2.74
3/27/2014,2.71
3/26/2014,2.72
3/25/2014,2.76
3/24/2014,2.77
3/21/2014,2.78
3/20/2014,2.79
3/19/2014,2.79
3/18/2014,2.7
3/17/2014,2.72
3/14/2014,2.68
3/13/2014,2.67
3/12/2014,2.72
3/11/2014,2.75
3/10/2014,2.76
3/7/2014,2.76
3/6/2014,2.72
3/5/2014,2.69
3/4/2014,2.68
3/3/2014,2.63
2/28/2014,2.66
2/27/2014,2.64
2/26/2014,2.67
2/25/2014,2.69
2/24/2014,2.73
2/21/2014,2.72
2/20/2014,2.74
2/19/2014,2.72
2/18/2014,2.7
2/17/2014,2.73
2/14/2014,2.73
2/13/2014,2.72
2/12/2014,2.77
2/11/2014,2.73
2/10/2014,2.7
2/7/2014,2.7
2/6/2014,2.73
2/5/2014,2.7
2/4/2014,2.67
2/3/2014,2.65
1/31/2014,2.7
1/30/2014,2.71
1/29/2014,2.7
1/28/2014,2.74
1/27/2014,2.76
1/24/2014,2.74
1/23/2014,2.76
1/22/2014,2.82
1/21/2014,2.78
1/20/2014,2.79
1/17/2014,2.79
1/16/2014,2.81
1/15/2014,2.83
1/14/2014,2.81
1/13/2014,2.78
1/10/2014,2.81
1/9/2014,2.89
1/8/2014,2.91
1/7/2014,2.89
1/6/2014,2.9
1/3/2014,2.93
1/2/2014,2.92
12/31/2013,2.94
12/30/2013,2.89
12/27/2013,2.92
12/26/2013,2.92
12/24/2013,2.91
12/23/2013,2.87
12/20/2013,2.84
12/19/2013,2.87
12/18/2013,2.84
12/17/2013,2.84
12/16/2013,2.86
12/13/2013,2.86
12/12/2013,2.87
12/11/2013,2.86
12/10/2013,2.83
12/9/2013,2.87
12/6/2013,2.88
12/5/2013,2.88
12/4/2013,2.87
12/3/2013,2.82
12/2/2013,2.84
11/30/2013,2.79
11/29/2013,2.78
11/28/2013,2.78
11/27/2013,2.78
11/26/2013,2.76
11/25/2013,2.78
11/22/2013,2.8
11/21/2013,2.83
11/20/2013,2.84
11/19/2013,2.8
11/18/2013,2.77
11/15/2013,2.8
11/14/2013,2.79
11/13/2013,2.84
11/12/2013,2.87
11/11/2013,2.85
11/8/2013,2.85
11/7/2013,2.77
11/6/2013,2.79
11/5/2013,2.81
11/4/2013,2.78
11/1/2013,2.79
10/31/2013,2.74
10/30/2013,2.67
10/29/2013,2.67
10/28/2013,2.68
10/25/2013,2.67
10/24/2013,2.69
10/23/2013,2.66
10/22/2013,2.67
10/21/2013,2.74
10/18/2013,2.72
10/17/2013,2.71
10/16/2013,2.77
10/15/2013,2.81
10/14/2013,2.79
10/11/2013,2.79
10/10/2013,2.81
10/9/2013,2.8
10/8/2013,2.79
10/7/2013,2.78
10/4/2013,2.79
10/3/2013,2.76
10/2/2013,2.77
10/1/2013,2.79
9/30/2013,2.76
9/27/2013,2.76
9/26/2013,2.77
9/25/2013,2.75
9/24/2013,2.79
9/23/2013,2.83
9/20/2013,2.84
9/19/2013,2.86
9/18/2013,2.84
9/17/2013,2.95
9/16/2013,2.96
9/13/2013,2.98
9/12/2013,2.98
9/11/2013,2.99
9/10/2013,3.02
9/9/2013,2.98
9/6/2013,3.02
9/5/2013,3.06
9/4/2013,2.97
9/3/2013,2.93
9/2/2013,2.85
8/29/2013,2.86
8/28/2013,2.88
8/27/2013,2.83
8/26/2013,2.9
8/23/2013,2.92
8/22/2013,2.98
8/21/2013,2.94
8/20/2013,2.9
8/19/2013,2.95
8/16/2013,2.91
8/15/2013,2.86
8/14/2013,2.82
8/13/2013,2.83
8/12/2013,2.75
8/9/2013,2.73
8/8/2013,2.74
8/7/2013,2.74
8/6/2013,2.77
8/5/2013,2.77
8/2/2013,2.75
8/1/2013,2.84
7/31/2013,2.75
7/30/2013,2.68
7/29/2013,2.68
7/26/2013,2.65
7/25/2013,2.69
7/24/2013,2.69
7/23/2013,2.64
7/22/2013,2.62
7/19/2013,2.63
7/18/2013,2.67
7/17/2013,2.65
7/16/2013,2.68
7/15/2013,2.7
7/12/2013,2.74
7/11/2013,2.71
7/10/2013,2.79
7/9/2013,2.76
7/8/2013,2.77
7/5/2013,2.84
7/4/2013,2.7
7/3/2013,2.7
7/2/2013,2.68
7/1/2013,2.69
6/30/2013,2.7
6/28/2013,2.55
6/27/2013,2.56
6/26/2013,2.61
6/25/2013,2.65
6/24/2013,2.63
6/21/2013,2.59
6/20/2013,2.53
6/19/2013,2.44
6/18/2013,2.34
6/17/2013,2.34
6/14/2013,2.32
6/13/2013,2.37
6/12/2013,2.4
6/11/2013,2.38
6/10/2013,2.38
6/7/2013,2.35
6/6/2013,2.28
6/5/2013,2.29
6/4/2013,2.3
6/3/2013,2.29
5/31/2013,2.3
5/30/2013,2.16
5/29/2013,2.16
5/28/2013,2.16
5/27/2013,2.09
5/24/2013,2.09
5/23/2013,2.1
5/22/2013,2.1
5/21/2013,2.06
5/20/2013,2.07
5/17/2013,2.07
5/16/2013,2.02
5/15/2013,2.06
5/14/2013,2.07
5/13/2013,2.05
5/10/2013,2.05
5/9/2013,1.99
5/8/2013,1.98
5/7/2013,1.99
5/6/2013,1.98
5/3/2013,1.97
5/2/2013,1.91
5/1/2013,1.91
4/30/2013,1.93
4/29/2013,1.93
4/26/2013,1.92
4/25/2013,1.95
4/24/2013,1.94
4/23/2013,1.94
4/22/2013,1.94
4/19/2013,1.95
4/18/2013,1.94
4/17/2013,1.95
4/16/2013,1.95
4/15/2013,1.93
4/12/2013,1.94
4/11/2013,1.98
4/10/2013,1.99
4/9/2013,1.96
4/8/2013,1.95
4/5/2013,1.93
4/4/2013,1.97
4/3/2013,1.99
4/2/2013,2.03
4/1/2013,2.02
3/31/2013,2.03
3/28/2013,2.03
3/27/2013,2.01
3/26/2013,2.04
3/25/2013,2.04
3/22/2013,2.04
3/21/2013,2.05
3/20/2013,2.05
3/19/2013,2.03
3/18/2013,2.06
3/15/2013,2.08
3/14/2013,2.1
3/13/2013,2.09
3/12/2013,2.09
3/11/2013,2.11
3/8/2013,2.11
3/7/2013,2.08
3/6/2013,2.05
3/5/2013,2.02
3/4/2013,2.01
3/1/2013,1.99
2/28/2013,2.01
2/27/2013,2.03
2/26/2013,2.01
2/25/2013,2.02
2/22/2013,2.07
2/21/2013,2.08
2/20/2013,2.11
2/19/2013,2.11
2/18/2013,2.09
2/15/2013,2.09
2/14/2013,2.09
2/13/2013,2.12
2/12/2013,2.1
2/11/2013,2.08
2/8/2013,2.08
2/7/2013,2.08
2/6/2013,2.1
2/5/2013,2.12
2/4/2013,2.1
2/1/2013,2.12
1/31/2013,2.11
1/30/2013,2.11
1/29/2013,2.09
1/28/2013,2.1
1/25/2013,2.09
1/24/2013,2.02
1/23/2013,2.02
1/22/2013,2.01
1/21/2013,2.02
1/18/2013,2.02
1/17/2013,2.05
1/16/2013,2.01
1/15/2013,2.01
1/14/2013,2.03
1/11/2013,2.05
1/10/2013,2.06
1/9/2013,2.04
1/8/2013,2.05
1/7/2013,2.08
1/4/2013,2.09
1/3/2013,2.08
1/2/2013,2.05
12/31/2012,2
12/28/2012,1.57
12/27/2012,1.57
12/26/2012,1.6
12/24/2012,1.6
12/21/2012,1.59
12/20/2012,1.61
12/19/2012,1.61
12/18/2012,1.63
12/17/2012,1.58
12/14/2012,1.58
12/13/2012,1.57
12/12/2012,1.55
12/11/2012,1.54
12/10/2012,1.52
12/7/2012,1.53
12/6/2012,1.51
12/5/2012,1.52
12/4/2012,1.53
12/3/2012,1.53
11/30/2012,1.53
11/29/2012,1.53
11/28/2012,1.53
11/27/2012,1.55
11/26/2012,1.56
11/23/2012,1.58
11/22/2012,1.57
11/21/2012,1.57
11/20/2012,1.55
11/19/2012,1.53
11/16/2012,1.51
11/15/2012,1.52
11/14/2012,1.5
11/13/2012,1.5
11/12/2012,1.51
11/9/2012,1.51
11/8/2012,1.51
11/7/2012,1.52
11/6/2012,1.57
11/5/2012,1.54
11/2/2012,1.56
11/1/2012,1.56
10/31/2012,1.55
10/29/2012,1.57
10/26/2012,1.59
10/25/2012,1.63
10/24/2012,1.6
10/23/2012,1.6
10/22/2012,1.62
10/19/2012,1.61
10/18/2012,1.63
10/17/2012,1.63
10/16/2012,1.59
10/15/2012,1.57
10/12/2012,1.57
10/11/2012,1.58
10/10/2012,1.59
10/9/2012,1.6
10/8/2012,1.61
10/5/2012,1.62
10/4/2012,1.58
10/3/2012,1.56
10/2/2012,1.56
10/1/2012,1.57
9/30/2012,1.57
9/28/2012,1.53
9/27/2012,1.55
9/26/2012,1.55
9/25/2012,1.57
9/24/2012,1.58
9/21/2012,1.6
9/20/2012,1.61
9/19/2012,1.62
9/18/2012,1.64
9/17/2012,1.65
9/14/2012,1.66
9/13/2012,1.65
9/12/2012,1.66
9/11/2012,1.63
9/10/2012,1.64
9/7/2012,1.63
9/6/2012,1.65
9/5/2012,1.6
9/4/2012,1.59
9/3/2012,1.58
8/31/2012,1.59
8/30/2012,1.62
8/29/2012,1.64
8/28/2012,1.63
8/27/2012,1.65
8/24/2012,1.66
8/23/2012,1.65
8/22/2012,1.68
8/21/2012,1.73
8/20/2012,1.73
8/17/2012,1.74
8/16/2012,1.75
8/15/2012,1.75
8/14/2012,1.71
8/13/2012,1.68
8/10/2012,1.68
8/9/2012,1.7
8/8/2012,1.7
8/7/2012,1.68
8/6/2012,1.64
8/3/2012,1.65
8/2/2012,1.61
8/1/2012,1.62
7/31/2012,1.61
7/30/2012,1.63
7/27/2012,1.67
7/26/2012,1.63
7/25/2012,1.61
7/24/2012,1.61
7/23/2012,1.62
7/20/2012,1.64
7/19/2012,1.67
7/18/2012,1.66
7/17/2012,1.69
7/16/2012,1.67
7/13/2012,1.72
7/12/2012,1.72
7/11/2012,1.73
7/10/2012,1.75
7/9/2012,1.75
7/6/2012,1.77
7/5/2012,1.8
7/4/2012,1.82
7/3/2012,1.82
7/2/2012,1.8
6/30/2012,1.85
6/29/2012,1.85
6/28/2012,1.83
6/27/2012,1.86
6/26/2012,1.87
6/25/2012,1.85
6/22/2012,1.9
6/21/2012,1.87
6/20/2012,1.89
6/19/2012,1.88
6/18/2012,1.86
6/15/2012,1.85
6/14/2012,1.89
6/13/2012,1.89
6/12/2012,1.92
6/11/2012,1.87
6/8/2012,1.89
6/7/2012,1.9
6/6/2012,1.91
6/5/2012,1.86
6/4/2012,1.86
6/1/2012,1.83
5/31/2012,1.87
5/30/2012,1.83
5/29/2012,1.88
5/28/2012,1.89
5/25/2012,1.9
5/24/2012,1.91
5/23/2012,1.88
5/22/2012,1.92
5/21/2012,1.88
5/18/2012,1.87
5/17/2012,1.85
5/16/2012,1.87
5/15/2012,1.86
5/14/2012,1.85
5/11/2012,1.86
5/10/2012,1.88
5/9/2012,1.87
5/8/2012,1.86
5/7/2012,1.88
5/4/2012,1.88
5/3/2012,1.9
5/2/2012,1.91
5/1/2012,1.92
4/30/2012,1.9
4/27/2012,1.91
4/26/2012,1.91
4/25/2012,1.93
4/24/2012,1.9
4/23/2012,1.86
4/20/2012,1.88
4/19/2012,1.86
4/18/2012,1.87
4/17/2012,1.88
4/16/2012,1.86
4/13/2012,1.87
4/12/2012,1.9
4/11/2012,1.9
4/10/2012,1.86
4/9/2012,1.9
4/5/2012,1.96
4/4/2012,1.99
4/3/2012,2.02
4/2/2012,1.96
3/31/2012,1.97
3/30/2012,2.01
3/29/2012,1.98
3/28/2012,2.01
3/27/2012,2
3/26/2012,2.04
3/23/2012,2.04
3/22/2012,2.07
3/21/2012,2.08
3/20/2012,2.14
3/19/2012,2.15
3/16/2012,2.09
3/15/2012,2.09
3/14/2012,2.14
3/13/2012,2.02
3/12/2012,1.98
3/9/2012,1.99
3/8/2012,1.99
3/7/2012,1.97
3/6/2012,1.95
3/5/2012,1.97
3/2/2012,1.95
3/1/2012,1.99
2/29/2012,1.96
2/28/2012,1.94
2/27/2012,1.95
2/24/2012,1.99
2/23/2012,1.98
2/22/2012,2
2/21/2012,2.03
2/20/2012,2.01
2/17/2012,2.01
2/16/2012,2.01
2/15/2012,1.97
2/14/2012,1.98
2/13/2012,2.01
2/10/2012,1.99
2/9/2012,2.04
2/8/2012,2.02
2/7/2012,2.03
2/6/2012,2
2/3/2012,2.04
2/2/2012,1.99
2/1/2012,1.99
1/31/2012,1.97
1/30/2012,1.98
1/27/2012,2.02
1/26/2012,2.03
1/25/2012,2.08
1/24/2012,2.13
1/23/2012,2.14
1/20/2012,2.12
1/19/2012,2.1
1/18/2012,2.06
1/17/2012,2.04
1/16/2012,2.04
1/13/2012,2.05
1/12/2012,2.09
1/11/2012,2.08
1/10/2012,2.11
1/9/2012,2.11
1/6/2012,2.12
1/5/2012,2.14
1/4/2012,2.14
1/3/2012,2.13
12/31/2011,2.07
12/30/2011,2.29
12/29/2011,2.32
12/28/2011,2.33
12/27/2011,2.4
12/23/2011,2.41
12/22/2011,2.36
12/21/2011,2.36
12/20/2011,2.32
12/19/2011,2.27
12/16/2011,2.29
12/15/2011,2.33
12/14/2011,2.31
12/13/2011,2.33
12/12/2011,2.33
12/9/2011,2.34
12/8/2011,2.28
12/7/2011,2.31
12/6/2011,2.34
12/5/2011,2.32
12/2/2011,2.31
12/1/2011,2.37
11/30/2011,2.29
11/29/2011,2.25
11/28/2011,2.24
11/25/2011,2.24
11/24/2011,2.19
11/23/2011,2.19
11/22/2011,2.22
11/21/2011,2.22
11/18/2011,2.24
11/17/2011,2.2
11/16/2011,2.21
11/15/2011,2.21
11/14/2011,2.19
11/11/2011,2.2
11/10/2011,2.2
11/9/2011,2.14
11/8/2011,2.18
11/7/2011,2.12
11/4/2011,2.16
11/3/2011,2.17
11/2/2011,2.13
11/1/2011,2.11
10/31/2011,2.21
10/28/2011,2.28
10/27/2011,2.34
10/26/2011,2.28
10/25/2011,2.23
10/24/2011,2.3
10/21/2011,2.3
10/20/2011,2.32
10/19/2011,2.31
10/18/2011,2.32
10/17/2011,2.33
10/14/2011,2.39
10/13/2011,2.37
10/12/2011,2.42
10/11/2011,2.4
10/10/2011,2.34
10/7/2011,2.34
10/6/2011,2.29
10/5/2011,2.24
10/4/2011,2.16
10/3/2011,2.14
9/30/2011,2.22
9/29/2011,2.25
9/28/2011,2.28
9/27/2011,2.3
9/26/2011,2.23
9/23/2011,2.18
9/22/2011,2.12
9/21/2011,2.17
9/20/2011,2.17
9/19/2011,2.15
9/16/2011,2.24
9/15/2011,2.25
9/14/2011,2.21
9/13/2011,2.21
9/12/2011,2.16
9/9/2011,2.12
9/8/2011,2.16
9/7/2011,2.19
9/6/2011,2.16
9/5/2011,2.16
9/2/2011,2.16
9/1/2011,2.22
8/31/2011,2.26
8/30/2011,2.18
8/29/2011,2.23
8/26/2011,2.19
8/25/2011,2.22
8/24/2011,2.25
8/23/2011,2.18
8/22/2011,2.15
8/19/2011,2.14
8/18/2011,2.14
8/17/2011,2.16
8/16/2011,2.19
8/15/2011,2.24
8/12/2011,2.2
8/11/2011,2.24
8/10/2011,2.15
8/9/2011,2.18
8/8/2011,2.29
8/5/2011,2.33
8/4/2011,2.25
8/3/2011,2.33
8/2/2011,2.33
8/1/2011,2.41
7/31/2011,2.44
7/29/2011,2.4
7/28/2011,2.51
7/27/2011,2.49
7/26/2011,2.46
7/25/2011,2.5
7/22/2011,2.47
7/21/2011,2.51
7/20/2011,2.45
7/19/2011,2.42
7/18/2011,2.43
7/15/2011,2.42
7/14/2011,2.44
7/13/2011,2.42
7/12/2011,2.43
7/11/2011,2.43
7/8/2011,2.51
7/7/2011,2.63
7/6/2011,2.57
7/5/2011,2.6
7/4/2011,2.67
7/1/2011,2.67
6/30/2011,2.64
6/29/2011,2.61
6/28/2011,2.58
6/27/2011,2.48
6/24/2011,2.41
6/23/2011,2.44
6/22/2011,2.51
6/21/2011,2.51
6/20/2011,2.49
6/17/2011,2.49
6/16/2011,2.47
6/15/2011,2.49
6/14/2011,2.59
6/13/2011,2.52
6/10/2011,2.49
6/9/2011,2.52
6/8/2011,2.47
6/7/2011,2.52
6/6/2011,2.53
6/3/2011,2.53
6/2/2011,2.56
6/1/2011,2.51
5/31/2011,2.56
5/30/2011,2.56
5/27/2011,2.57
5/26/2011,2.57
5/25/2011,2.63
5/24/2011,2.63
5/23/2011,2.62
5/20/2011,2.64
5/19/2011,2.65
5/18/2011,2.66
5/17/2011,2.61
5/16/2011,2.63
5/13/2011,2.66
5/12/2011,2.69
5/11/2011,2.67
5/10/2011,2.7
5/9/2011,2.65
5/6/2011,2.67
5/5/2011,2.69
5/4/2011,2.72
5/3/2011,2.74
5/2/2011,2.76
4/30/2011,2.76
4/29/2011,2.74
4/28/2011,2.78
4/27/2011,2.83
4/26/2011,2.81
4/25/2011,2.85
4/21/2011,2.88
4/20/2011,2.88
4/19/2011,2.84
4/18/2011,2.85
4/15/2011,2.88
4/14/2011,2.95
4/13/2011,2.93
4/12/2011,2.96
4/11/2011,3.03
4/8/2011,3.03
4/7/2011,3.02
4/6/2011,3.05
4/5/2011,3.01
4/4/2011,2.94
4/1/2011,2.98
3/31/2011,2.96
3/30/2011,3.01
3/29/2011,3.04
3/28/2011,3.01
3/25/2011,3
3/24/2011,2.96
3/23/2011,2.92
3/22/2011,2.92
3/21/2011,2.91
3/18/2011,2.86
3/17/2011,2.84
3/16/2011,2.81
3/15/2011,2.89
3/14/2011,2.88
3/11/2011,2.92
3/10/2011,2.93
3/9/2011,2.99
3/8/2011,3.05
3/7/2011,3.02
3/4/2011,3.01
3/3/2011,3.1
3/2/2011,3.01
3/1/2011,2.98
2/28/2011,2.98
2/25/2011,2.93
2/24/2011,2.94
2/23/2011,2.97
2/22/2011,2.94
2/21/2011,3.04
2/18/2011,3.05
2/17/2011,3.05
2/16/2011,3.1
2/15/2011,3.09
2/14/2011,3.1
2/11/2011,3.16
2/10/2011,3.21
2/9/2011,3.15
2/8/2011,3.23
2/7/2011,3.15
2/4/2011,3.15
2/3/2011,3.05
2/2/2011,3.01
2/1/2011,2.93
1/31/2011,2.88
1/28/2011,2.81
1/27/2011,2.85
1/26/2011,2.9
1/25/2011,2.84
1/24/2011,2.9
1/21/2011,2.91
1/20/2011,2.93
1/19/2011,2.85
1/18/2011,2.87
1/17/2011,2.84
1/14/2011,2.85
1/13/2011,2.84
1/12/2011,2.89
1/11/2011,2.87
1/10/2011,2.86
1/7/2011,2.88
1/6/2011,2.99
1/5/2011,3.06
1/4/2011,2.92
1/3/2011,2.91
12/31/2010,2.9
12/30/2010,2.82
12/29/2010,2.8
12/28/2010,2.92
12/27/2010,2.81
12/24/2010,2.87
12/23/2010,2.87
12/22/2010,2.82
12/21/2010,2.79
12/20/2010,2.8
12/17/2010,2.75
12/16/2010,2.86
12/15/2010,2.88
12/14/2010,2.84
12/13/2010,2.75
12/10/2010,2.77
12/9/2010,2.76
12/8/2010,2.76
12/7/2010,2.67
12/6/2010,2.5
12/3/2010,2.58
12/2/2010,2.62
12/1/2010,2.59
11/30/2010,2.46
11/29/2010,2.52
11/26/2010,2.53
11/25/2010,2.57
11/24/2010,2.57
11/23/2010,2.4
11/22/2010,2.46
11/19/2010,2.54
11/18/2010,2.54
11/17/2010,2.52
11/16/2010,2.53
11/15/2010,2.58
11/12/2010,2.47
11/11/2010,2.33
11/10/2010,2.33
11/9/2010,2.37
11/8/2010,2.27
11/5/2010,2.23
11/4/2010,2.18
11/3/2010,2.26
11/2/2010,2.26
11/1/2010,2.28
10/31/2010,2.28
10/29/2010,2.28
10/28/2010,2.33
10/27/2010,2.38
10/26/2010,2.34
10/25/2010,2.27
10/22/2010,2.27
10/21/2010,2.26
10/20/2010,2.23
10/19/2010,2.24
10/18/2010,2.25
10/15/2010,2.31
10/14/2010,2.28
10/13/2010,2.24
10/12/2010,2.24
10/11/2010,2.2
10/8/2010,2.21
10/7/2010,2.22
10/6/2010,2.23
10/5/2010,2.29
10/4/2010,2.33
10/1/2010,2.35
9/30/2010,2.37
9/29/2010,2.31
9/28/2010,2.28
9/27/2010,2.31
9/24/2010,2.38
9/23/2010,2.37
9/22/2010,2.37
9/21/2010,2.39
9/20/2010,2.45
9/17/2010,2.48
9/16/2010,2.5
9/15/2010,2.48
9/14/2010,2.46
9/13/2010,2.52
9/10/2010,2.58
9/9/2010,2.56
9/8/2010,2.51
9/7/2010,2.47
9/6/2010,2.55
9/3/2010,2.55
9/2/2010,2.5
9/1/2010,2.49
8/31/2010,2.4
8/30/2010,2.38
8/27/2010,2.43
8/26/2010,2.34
8/25/2010,2.37
8/24/2010,2.33
8/23/2010,2.4
8/20/2010,2.41
8/19/2010,2.38
8/18/2010,2.43
8/17/2010,2.44
8/16/2010,2.41
8/13/2010,2.49
8/12/2010,2.52
8/11/2010,2.5
8/10/2010,2.54
8/9/2010,2.57
8/6/2010,2.56
8/5/2010,2.62
8/4/2010,2.65
8/3/2010,2.61
8/2/2010,2.68
7/31/2010,2.68
7/30/2010,2.77
7/29/2010,2.78
7/28/2010,2.79
7/27/2010,2.85
7/26/2010,2.85
7/23/2010,2.85
7/22/2010,2.81
7/21/2010,2.79
7/20/2010,2.82
7/19/2010,2.85
7/16/2010,2.82
7/15/2010,2.88
7/14/2010,2.93
7/13/2010,3.01
7/12/2010,2.96
7/9/2010,2.99
7/8/2010,2.96
7/7/2010,2.94
7/6/2010,2.92
7/5/2010,2.96
7/2/2010,2.96
7/1/2010,2.93
6/30/2010,2.91
6/29/2010,2.9
6/28/2010,2.94
6/25/2010,3
6/24/2010,3.04
6/23/2010,3.04
6/22/2010,3.08
6/21/2010,3.14
6/18/2010,3.14
6/17/2010,3.1
6/16/2010,3.19
6/15/2010,3.21
6/14/2010,3.18
6/11/2010,3.14
6/10/2010,3.26
6/9/2010,3.11
6/8/2010,3.09
6/7/2010,3.08
6/4/2010,3.07
6/3/2010,3.27
6/2/2010,3.22
6/1/2010,3.18
5/31/2010,3.21
5/28/2010,3.2
5/27/2010,3.24
5/26/2010,3.15
5/25/2010,3.05
5/24/2010,3.07
5/21/2010,3.05
5/20/2010,3.08
5/19/2010,3.08
5/18/2010,3.05
5/17/2010,3.11
5/14/2010,3.1
5/13/2010,3.2
5/12/2010,3.23
5/11/2010,3.21
5/10/2010,3.21
5/7/2010,3.15
5/6/2010,3.08
5/5/2010,3.2
5/4/2010,3.26
5/3/2010,3.33
4/30/2010,3.28
4/29/2010,3.33
4/28/2010,3.38
4/27/2010,3.3
4/26/2010,3.42
4/23/2010,3.45
4/22/2010,3.4
4/21/2010,3.38
4/20/2010,3.42
4/19/2010,3.42
4/16/2010,3.39
4/15/2010,3.48
4/14/2010,3.5
4/13/2010,3.49
4/12/2010,3.5
4/9/2010,3.54
4/8/2010,3.54
4/7/2010,3.53
4/6/2010,3.62
4/5/2010,3.66
4/1/2010,3.52
3/31/2010,3.5
3/30/2010,3.54
3/29/2010,3.54
3/26/2010,3.51
3/25/2010,3.57
3/24/2010,3.54
3/23/2010,3.45
3/22/2010,3.45
3/19/2010,3.43
3/18/2010,3.45
3/17/2010,3.42
3/16/2010,3.41
3/15/2010,3.46
3/12/2010,3.47
3/11/2010,3.5
3/10/2010,3.48
3/9/2010,3.45
3/8/2010,3.46
3/5/2010,3.46
3/4/2010,3.41
3/3/2010,3.41
3/2/2010,3.4
3/1/2010,3.4
2/28/2010,3.36
2/26/2010,3.36
2/25/2010,3.41
2/24/2010,3.48
2/23/2010,3.48
2/22/2010,3.58
2/19/2010,3.59
2/18/2010,3.58
2/17/2010,3.55
2/16/2010,3.46
2/15/2010,3.49
2/12/2010,3.5
2/11/2010,3.55
2/10/2010,3.57
2/9/2010,3.51
2/8/2010,3.46
2/5/2010,3.4
2/4/2010,3.5
2/3/2010,3.58
2/2/2010,3.5
2/1/2010,3.52
1/31/2010,3.46
1/29/2010,3.37
1/28/2010,3.42
1/27/2010,3.41
1/26/2010,3.4
1/25/2010,3.4
1/22/2010,3.37
1/21/2010,3.39
1/20/2010,3.44
1/19/2010,3.49
1/18/2010,3.42
1/15/2010,3.42
1/14/2010,3.47
1/13/2010,3.54
1/12/2010,3.49
1/11/2010,3.57
1/8/2010,3.58
1/7/2010,3.62
1/6/2010,3.59
1/5/2010,3.56
1/4/2010,3.68
12/31/2009,3.73
12/30/2009,3.68
12/29/2009,3.7
12/28/2009,3.72
12/24/2009,3.67
12/23/2009,3.61
12/22/2009,3.61
12/21/2009,3.58
12/18/2009,3.47
12/17/2009,3.41
12/16/2009,3.55
12/15/2009,3.57
12/14/2009,3.52
12/11/2009,3.5
12/10/2009,3.44
12/9/2009,3.4
12/8/2009,3.4
12/7/2009,3.47
12/4/2009,3.49
12/3/2009,3.36
12/2/2009,3.29
12/1/2009,3.32
11/30/2009,3.28
11/27/2009,3.27
11/26/2009,3.34
11/25/2009,3.34
11/24/2009,3.37
11/23/2009,3.42
11/20/2009,3.41
11/19/2009,3.39
11/18/2009,3.47
11/17/2009,3.44
11/16/2009,3.46
11/13/2009,3.55
11/12/2009,3.56
11/11/2009,3.59
11/10/2009,3.59
11/9/2009,3.6
11/6/2009,3.61
11/5/2009,3.63
11/4/2009,3.66
11/3/2009,3.63
11/2/2009,3.61
10/31/2009,3.59
10/30/2009,3.55
10/29/2009,3.63
10/28/2009,3.55
10/27/2009,3.6
10/26/2009,3.7
10/23/2009,3.66
10/22/2009,3.6
10/21/2009,3.61
10/20/2009,3.53
10/19/2009,3.61
10/16/2009,3.63
10/15/2009,3.66
10/14/2009,3.62
10/13/2009,3.51
10/12/2009,3.6
10/9/2009,3.6
10/8/2009,3.47
10/7/2009,3.41
10/6/2009,3.47
10/5/2009,3.46
10/2/2009,3.46
10/1/2009,3.42
9/30/2009,3.52
9/29/2009,3.52
9/28/2009,3.53
9/25/2009,3.55
9/24/2009,3.57
9/23/2009,3.64
9/22/2009,3.67
9/21/2009,3.7
9/18/2009,3.7
9/17/2009,3.63
9/16/2009,3.7
9/15/2009,3.68
9/14/2009,3.68
9/11/2009,3.62
9/10/2009,3.64
9/9/2009,3.75
9/8/2009,3.73
9/7/2009,3.71
9/4/2009,3.71
9/3/2009,3.6
9/2/2009,3.56
9/1/2009,3.67
8/31/2009,3.68
8/28/2009,3.78
8/27/2009,3.81
8/26/2009,3.8
8/25/2009,3.81
8/24/2009,3.84
8/21/2009,3.93
8/20/2009,3.81
8/19/2009,3.8
8/18/2009,3.85
8/17/2009,3.8
8/14/2009,3.89
8/13/2009,3.94
8/12/2009,4.05
8/11/2009,4.09
8/10/2009,4.14
8/7/2009,4.25
8/6/2009,4.14
8/5/2009,4.16
8/4/2009,4.14
8/3/2009,4.12
7/31/2009,3.99
7/30/2009,4.12
7/29/2009,4.16
7/28/2009,4.17
7/27/2009,4.18
7/24/2009,4.14
7/23/2009,4.18
7/22/2009,4.04
7/21/2009,3.98
7/20/2009,4.09
7/17/2009,4.17
7/16/2009,4.11
7/15/2009,4.14
7/14/2009,4
7/13/2009,3.93
7/10/2009,3.91
7/9/2009,4.01
7/8/2009,3.92
7/7/2009,4.06
7/6/2009,4.14
7/3/2009,3.69
7/2/2009,3.69
7/1/2009,3.9
6/30/2009,3.96
6/29/2009,4.21
6/26/2009,4.22
6/25/2009,4.29
6/24/2009,4.39
6/23/2009,4.38
6/22/2009,4.41
6/19/2009,4.5
6/18/2009,4.68
6/17/2009,4.52
6/16/2009,4.52
6/15/2009,4.56
6/12/2009,4.64
6/11/2009,4.71
6/10/2009,4.77
6/9/2009,4.75
6/8/2009,4.8
6/5/2009,4.78
6/4/2009,4.58
6/3/2009,4.46
6/2/2009,4.52
6/1/2009,4.6
5/31/2009,4.4
5/29/2009,4.56
5/28/2009,4.8
5/27/2009,4.8
5/26/2009,4.68
5/25/2009,4.64
5/22/2009,4.64
5/21/2009,4.67
5/20/2009,4.59
5/19/2009,4.65
5/18/2009,4.75
5/15/2009,4.67
5/14/2009,4.65
5/13/2009,4.66
5/12/2009,4.73
5/11/2009,4.77
5/8/2009,4.87
5/7/2009,4.88
5/6/2009,4.77
5/5/2009,4.77
5/4/2009,4.77
5/1/2009,4.76
4/30/2009,4.75
4/29/2009,4.77
4/28/2009,4.73
4/27/2009,4.67
4/24/2009,4.73
4/23/2009,4.72
4/22/2009,4.75
4/21/2009,4.71
4/20/2009,4.73
4/17/2009,4.82
4/16/2009,4.76
4/15/2009,4.7
4/14/2009,4.72
4/13/2009,4.8
4/9/2009,4.89
4/8/2009,4.85
4/7/2009,4.91
4/6/2009,4.93
4/3/2009,4.91
4/2/2009,4.77
4/1/2009,4.68
3/31/2009,4.72
3/30/2009,6.22
3/27/2009,6.24
3/26/2009,6.24
3/25/2009,6.32
3/24/2009,6.27
3/23/2009,6.34
3/20/2009,6.35
3/19/2009,6.37
3/18/2009,6.36
3/17/2009,6.82
3/16/2009,6.95
3/13/2009,7.41
3/12/2009,7.55
3/11/2009,8.04
3/10/2009,8.1
3/9/2009,8.25
3/6/2009,8.16
3/5/2009,8.14
3/4/2009,8.13
3/3/2009,6.52
3/2/2009,6.13
2/28/2009,6.11
2/27/2009,6.1
2/26/2009,6.05
2/25/2009,6.04
2/24/2009,5.83
2/23/2009,5.68
2/20/2009,5.66
2/19/2009,5.68
2/18/2009,5.56
2/17/2009,5.42
2/16/2009,5.58
2/13/2009,5.59
2/12/2009,5.47
2/11/2009,5.5
2/10/2009,5.6
2/9/2009,5.79
2/6/2009,5.76
2/5/2009,5.72
2/4/2009,5.76
2/3/2009,5.71
2/2/2009,5.59
1/31/2009,5.66
1/30/2009,5.49
1/29/2009,5.5
1/28/2009,5.39
1/27/2009,5.34
1/26/2009,5.45
1/23/2009,5.45
1/22/2009,5.39
1/21/2009,5.39
1/20/2009,5.25
1/19/2009,5.18
1/16/2009,5.18
1/15/2009,5.2
1/14/2009,5.14
1/13/2009,5.12
1/12/2009,5.18
1/9/2009,5.23
1/8/2009,5.28
1/7/2009,5.29
1/6/2009,5.32
1/5/2009,5.19
1/2/2009,5.22
12/31/2008,5.07
12/30/2008,4.92
12/29/2008,4.94
12/26/2008,5.04
12/24/2008,5.07
12/23/2008,5.07
12/22/2008,5.05
12/19/2008,5.06
12/18/2008,5.04
12/17/2008,5.22
12/16/2008,5.34
12/15/2008,5.49
12/12/2008,5.52
12/11/2008,5.56
12/10/2008,5.65
12/9/2008,5.66
12/8/2008,5.78
12/5/2008,5.73
12/4/2008,5.64
12/3/2008,5.72
12/2/2008,5.76
12/1/2008,5.78
11/30/2008,5.94
11/28/2008,5.95
11/27/2008,5.96
11/26/2008,5.96
11/25/2008,6.05
11/24/2008,6.21
11/21/2008,6.28
11/20/2008,6.1
11/19/2008,6.11
11/18/2008,6.12
11/17/2008,6.26
11/14/2008,6.3
11/13/2008,6.35
11/12/2008,6.31
11/11/2008,6.49
11/10/2008,6.49
11/7/2008,6.6
11/6/2008,6.55
11/5/2008,6.56
11/4/2008,6.67
11/3/2008,6.84
10/31/2008,6.95
10/30/2008,6.88
10/29/2008,6.88
10/28/2008,6.89
10/27/2008,6.91
10/24/2008,6.86
10/23/2008,6.62
10/22/2008,6.63
10/21/2008,6.66
10/20/2008,6.87
10/17/2008,6.91
10/16/2008,6.8
10/15/2008,6.74
10/14/2008,6.9
10/13/2008,6.95
10/10/2008,6.95
10/9/2008,6.63
10/8/2008,6.52
10/7/2008,6.27
10/6/2008,6.28
10/3/2008,6.38
10/2/2008,6.38
10/1/2008,6.54
9/30/2008,6.45
9/29/2008,6.19
9/26/2008,6.34
9/25/2008,6.17
9/24/2008,5.85
9/23/2008,5.95
9/22/2008,5.89
9/19/2008,6.02
9/18/2008,5.94
9/17/2008,5.54
9/16/2008,5.38
9/15/2008,4.99
9/12/2008,4.98
9/11/2008,4.86
9/10/2008,4.84
9/9/2008,4.8
9/8/2008,4.87
9/5/2008,4.87
9/4/2008,4.84
9/3/2008,4.87
9/2/2008,4.91
9/1/2008,4.97
8/31/2008,4.97
8/29/2008,4.97
8/28/2008,4.97
8/27/2008,4.94
8/26/2008,4.96
8/25/2008,4.95
8/22/2008,5.03
8/21/2008,4.98
8/20/2008,4.93
8/19/2008,4.97
8/18/2008,4.93
8/15/2008,4.97
8/14/2008,5
8/13/2008,5.06
8/12/2008,5
8/11/2008,5.09
8/8/2008,5.04
8/7/2008,5.01
8/6/2008,5.14
8/5/2008,5.11
8/4/2008,5.09
8/1/2008,5.07
7/31/2008,5.1
7/30/2008,5.15
7/29/2008,5.14
7/28/2008,5.12
7/25/2008,5.21
7/24/2008,5.13
7/23/2008,5.29
7/22/2008,5.25
7/21/2008,5.21
7/18/2008,5.21
7/17/2008,5.17
7/16/2008,5.06
7/15/2008,4.99
7/14/2008,5.03
7/11/2008,5.11
7/10/2008,4.95
7/9/2008,4.94
7/8/2008,4.98
7/7/2008,5
7/4/2008,5.06
7/3/2008,5.06
7/2/2008,5.07
7/1/2008,5.1
6/30/2008,5.07
6/27/2008,5.11
6/26/2008,5.13
6/25/2008,5.18
6/24/2008,5.19
6/23/2008,5.25
6/20/2008,5.19
6/19/2008,5.25
6/18/2008,5.18
6/17/2008,5.28
6/16/2008,5.32
6/13/2008,5.36
6/12/2008,5.31
6/11/2008,5.17
6/10/2008,5.21
6/9/2008,5.07
6/6/2008,4.93
6/5/2008,5.02
6/4/2008,4.97
6/3/2008,4.93
6/2/2008,5.01
5/31/2008,5.1
5/30/2008,5.09
5/29/2008,5.12
5/28/2008,5.08
5/27/2008,4.99
5/26/2008,4.9
5/23/2008,4.9
5/22/2008,4.99
5/21/2008,4.85
5/20/2008,4.79
5/19/2008,4.84
5/16/2008,4.87
5/15/2008,4.88
5/14/2008,4.97
5/13/2008,4.93
5/12/2008,4.78
5/9/2008,4.78
5/8/2008,4.8
5/7/2008,4.87
5/6/2008,4.9
5/5/2008,4.89
5/2/2008,4.9
5/1/2008,4.84
4/30/2008,4.83
4/29/2008,4.84
4/28/2008,4.88
4/25/2008,4.93
4/24/2008,4.89
4/23/2008,4.78
4/22/2008,4.77
4/21/2008,4.74
4/18/2008,4.78
4/17/2008,4.78
4/16/2008,4.71
4/15/2008,4.57
4/14/2008,4.51
4/11/2008,4.51
4/10/2008,4.54
4/9/2008,4.46
4/8/2008,4.56
4/7/2008,4.6
4/4/2008,4.53
4/3/2008,4.65
4/2/2008,4.65
4/1/2008,4.59
3/31/2008,4.46
3/28/2008,4.51
3/27/2008,4.55
3/26/2008,4.53
3/25/2008,4.57
3/24/2008,4.57
3/20/2008,4.37
3/19/2008,4.37
3/18/2008,4.47
3/17/2008,4.35
3/14/2008,4.42
3/13/2008,4.54
3/12/2008,4.5
3/11/2008,4.62
3/10/2008,4.42
3/7/2008,4.43
3/6/2008,4.5
3/5/2008,4.5
3/4/2008,4.41
3/3/2008,4.35
2/29/2008,4.34
2/28/2008,4.49
2/27/2008,4.6
2/26/2008,4.61
2/25/2008,4.66
2/22/2008,4.55
2/21/2008,4.54
2/20/2008,4.68
2/19/2008,4.62
2/18/2008,4.51
2/15/2008,4.51
2/14/2008,4.53
2/13/2008,4.45
2/12/2008,4.47
2/11/2008,4.41
2/8/2008,4.43
2/7/2008,4.49
2/6/2008,4.41
2/5/2008,4.39
2/4/2008,4.48
2/1/2008,4.45
1/31/2008,4.51
1/30/2008,4.55
1/29/2008,4.5
1/28/2008,4.43
1/25/2008,4.44
1/24/2008,4.48
1/23/2008,4.29
1/22/2008,4.36
1/21/2008,4.5
1/18/2008,4.5
1/17/2008,4.52
1/16/2008,4.57
1/15/2008,4.56
1/14/2008,4.63
1/11/2008,4.66
1/10/2008,4.73
1/9/2008,4.67
1/8/2008,4.71
1/7/2008,4.65
1/4/2008,4.67
1/3/2008,4.72
1/2/2008,4.73
12/31/2007,4.88
12/28/2007,4.92
12/27/2007,5.02
12/26/2007,5.1
12/24/2007,5.03
12/21/2007,4.98
12/20/2007,4.85
12/19/2007,4.89
12/18/2007,4.93
12/17/2007,5
12/14/2007,5.04
12/13/2007,4.97
12/12/2007,4.88
12/11/2007,4.79
12/10/2007,4.95
12/7/2007,4.92
12/6/2007,4.8
12/5/2007,4.71
12/4/2007,4.7
12/3/2007,4.69
11/30/2007,4.78
11/29/2007,4.78
11/28/2007,4.84
11/27/2007,4.74
11/26/2007,4.65
11/23/2007,4.78
11/22/2007,4.76
11/21/2007,4.76
11/20/2007,4.8
11/19/2007,4.84
11/16/2007,4.92
11/15/2007,4.92
11/14/2007,5.05
11/13/2007,5.04
11/12/2007,4.97
11/9/2007,4.97
11/8/2007,5
11/7/2007,5.07
11/6/2007,5.11
11/5/2007,5.09
11/2/2007,5.07
11/1/2007,5.15
10/31/2007,5.25
10/30/2007,5.15
10/29/2007,5.14
10/26/2007,5.13
10/25/2007,5.1
10/24/2007,5.08
10/23/2007,5.16
10/22/2007,5.16
10/19/2007,5.15
10/18/2007,5.24
10/17/2007,5.29
10/16/2007,5.4
10/15/2007,5.43
10/12/2007,5.44
10/11/2007,5.41
10/10/2007,5.41
10/9/2007,5.41
10/8/2007,5.39
10/5/2007,5.39
10/4/2007,5.29
10/3/2007,5.3
10/2/2007,5.3
10/1/2007,5.32
9/30/2007,5.33
9/28/2007,5.33
9/27/2007,5.33
9/26/2007,5.37
9/25/2007,5.38
9/24/2007,5.41
9/21/2007,5.41
9/20/2007,5.47
9/19/2007,5.36
9/18/2007,5.34
9/17/2007,5.37
9/14/2007,5.35
9/13/2007,5.37
9/12/2007,5.29
9/11/2007,5.25
9/10/2007,5.19
9/7/2007,5.22
9/6/2007,5.34
9/5/2007,5.24
9/4/2007,5.34
9/3/2007,5.33
8/31/2007,5.33
8/30/2007,5.28
8/29/2007,5.32
8/28/2007,5.29
8/27/2007,5.38
8/24/2007,5.42
8/23/2007,5.37
8/22/2007,5.35
8/21/2007,5.28
8/20/2007,5.34
8/17/2007,5.38
8/16/2007,5.31
8/15/2007,5.43
8/14/2007,5.48
8/13/2007,5.52
8/10/2007,5.52
8/9/2007,5.54
8/8/2007,5.62
8/7/2007,5.52
8/6/2007,5.49
8/3/2007,5.46
8/2/2007,5.5
8/1/2007,5.49
7/31/2007,5.5
7/30/2007,5.52
7/27/2007,5.5
7/26/2007,5.46
7/25/2007,5.58
7/24/2007,5.61
7/23/2007,5.64
7/20/2007,5.62
7/19/2007,5.67
7/18/2007,5.65
7/17/2007,5.71
7/16/2007,5.67
7/13/2007,5.73
7/12/2007,5.74
7/11/2007,5.7
7/10/2007,5.67
7/9/2007,5.77
7/6/2007,5.8
7/5/2007,5.76
7/4/2007,5.67
7/3/2007,5.67
7/2/2007,5.62
6/30/2007,5.65
6/29/2007,5.63
6/28/2007,5.71
6/27/2007,5.65
6/26/2007,5.69
6/25/2007,5.65
6/22/2007,5.71
6/21/2007,5.74
6/20/2007,5.72
6/19/2007,5.69
6/18/2007,5.74
6/15/2007,5.76
6/14/2007,5.81
6/13/2007,5.79
6/12/2007,5.82
6/11/2007,5.73
6/8/2007,5.72
6/7/2007,5.71
6/6/2007,5.61
6/5/2007,5.62
6/4/2007,5.58
6/1/2007,5.6
5/31/2007,5.54
5/30/2007,5.52
5/29/2007,5.51
5/25/2007,5.48
5/24/2007,5.47
5/23/2007,5.47
5/22/2007,5.45
5/21/2007,5.41
5/18/2007,5.42
5/17/2007,5.38
5/16/2007,5.34
5/15/2007,5.34
5/14/2007,5.32
5/11/2007,5.3
5/10/2007,5.28
5/9/2007,5.31
5/8/2007,5.27
5/7/2007,5.27
5/4/2007,5.27
5/3/2007,5.3
5/2/2007,5.27
5/1/2007,5.25
4/30/2007,5.25
4/27/2007,5.3
4/26/2007,5.29
4/25/2007,5.25
4/24/2007,5.23
4/23/2007,5.26
4/20/2007,5.28
4/19/2007,5.28
4/18/2007,5.27
4/17/2007,5.31
4/16/2007,5.36
4/13/2007,5.38
4/12/2007,5.35
4/11/2007,5.35
4/10/2007,5.34
4/9/2007,5.36
4/5/2007,5.28
4/4/2007,5.26
4/3/2007,5.28
4/2/2007,5.25
3/31/2007,5.26
3/30/2007,5.26
3/29/2007,5.24
3/28/2007,5.22
3/27/2007,5.23
3/26/2007,5.21
3/23/2007,5.24
3/22/2007,5.21
3/21/2007,5.16
3/20/2007,5.2
3/19/2007,5.22
3/16/2007,5.19
3/15/2007,5.18
3/14/2007,5.15
3/13/2007,5.14
3/12/2007,5.2
3/9/2007,5.23
3/8/2007,5.15
3/7/2007,5.14
3/6/2007,5.17
3/5/2007,5.15
3/2/2007,5.14
3/1/2007,5.18
2/28/2007,5.18
2/27/2007,5.09
2/26/2007,5.2
2/23/2007,5.3
2/22/2007,5.35
2/21/2007,5.31
2/20/2007,5.3
2/19/2007,5.3
2/16/2007,5.31
2/15/2007,5.32
2/14/2007,5.35
2/13/2007,5.43
2/12/2007,5.42
2/9/2007,5.4
2/8/2007,5.35
2/7/2007,5.36
2/6/2007,5.38
2/5/2007,5.42
2/2/2007,5.44
2/1/2007,5.45
1/31/2007,5.44
1/30/2007,5.48
1/29/2007,5.49
1/26/2007,5.49
1/25/2007,5.47
1/24/2007,5.43
1/23/2007,5.42
1/22/2007,5.39
1/19/2007,5.4
1/18/2007,5.38
1/17/2007,5.4
1/16/2007,5.37
1/15/2007,5.38
1/12/2007,5.38
1/11/2007,5.35
1/10/2007,5.3
1/9/2007,5.28
1/8/2007,5.28
1/5/2007,5.27
1/4/2007,5.24
1/3/2007,5.29
1/2/2007,5.32
12/31/2006,5.34
12/29/2006,5.33
12/28/2006,5.32
12/27/2006,5.29
12/26/2006,5.24
12/22/2006,5.25
12/21/2006,5.18
12/20/2006,5.23
12/19/2006,5.24
12/18/2006,5.23
12/15/2006,5.24
12/14/2006,5.24
12/13/2006,5.21
12/12/2006,5.13
12/11/2006,5.16
12/8/2006,5.18
12/7/2006,5.11
12/6/2006,5.11
12/5/2006,5.06
12/4/2006,5.06
12/1/2006,5.07
11/30/2006,5.12
11/29/2006,5.19
11/28/2006,5.18
11/27/2006,5.21
11/24/2006,5.22
11/23/2006,5.24
11/22/2006,5.24
11/21/2006,5.25
11/20/2006,5.26
11/17/2006,5.27
11/16/2006,5.33
11/15/2006,5.29
11/14/2006,5.24
11/13/2006,5.27
11/10/2006,5.25
11/9/2006,5.28
11/8/2006,5.28
11/7/2006,5.31
11/6/2006,5.36
11/3/2006,5.36
11/2/2006,5.24
11/1/2006,5.21
10/31/2006,5.26
10/30/2006,5.33
10/27/2006,5.33
10/26/2006,5.37
10/25/2006,5.43
10/24/2006,5.48
10/23/2006,5.47
10/20/2006,5.43
10/19/2006,5.43
10/18/2006,5.41
10/17/2006,5.42
10/16/2006,5.43
10/13/2006,5.45
10/12/2006,5.42
10/11/2006,5.43
10/10/2006,5.39
10/9/2006,5.34
10/6/2006,5.34
10/5/2006,5.25
10/4/2006,5.2
10/3/2006,5.26
10/2/2006,5.26
9/30/2006,5.28
9/29/2006,5.29
9/28/2006,5.28
9/27/2006,5.25
9/26/2006,5.25
9/25/2006,5.22
9/22/2006,5.26
9/21/2006,5.3
9/20/2006,5.38
9/19/2006,5.39
9/18/2006,5.46
9/15/2006,5.44
9/14/2006,5.43
9/13/2006,5.4
9/12/2006,5.41
9/11/2006,5.44
9/8/2006,5.4
9/7/2006,5.43
9/6/2006,5.44
9/5/2006,5.42
9/4/2006,5.38
9/1/2006,5.37
8/31/2006,5.39
8/30/2006,5.42
8/29/2006,5.45
8/28/2006,5.46
8/25/2006,5.45
8/24/2006,5.47
8/23/2006,5.47
8/22/2006,5.46
8/21/2006,5.46
8/18/2006,5.48
8/17/2006,5.51
8/16/2006,5.51
8/15/2006,5.57
8/14/2006,5.64
8/11/2006,5.61
8/10/2006,5.56
8/9/2006,5.55
8/8/2006,5.55
8/7/2006,5.56
8/4/2006,5.54
8/3/2006,5.59
8/2/2006,5.59
8/1/2006,5.6
7/31/2006,5.61
7/28/2006,5.62
7/27/2006,5.67
7/26/2006,5.67
7/25/2006,5.71
7/24/2006,5.68
7/21/2006,5.68
7/20/2006,5.67
7/19/2006,5.7
7/18/2006,5.77
7/17/2006,5.71
7/14/2006,5.7
7/13/2006,5.72
7/12/2006,5.75
7/11/2006,5.75
7/10/2006,5.77
7/7/2006,5.78
7/6/2006,5.82
7/5/2006,5.86
7/4/2006,5.79
7/3/2006,5.79
6/30/2006,5.78
6/29/2006,5.83
6/28/2006,5.89
6/27/2006,5.85
6/26/2006,5.88
6/23/2006,5.86
6/22/2006,5.84
6/21/2006,5.8
6/20/2006,5.8
6/19/2006,5.79
6/16/2006,5.76
6/15/2006,5.74
6/14/2006,5.7
6/13/2006,5.61
6/12/2006,5.63
6/9/2006,5.62
6/8/2006,5.62
6/7/2006,5.64
6/6/2006,5.61
6/5/2006,5.62
6/2/2006,5.58
6/1/2006,5.69
5/31/2006,5.7
5/30/2006,5.65
5/29/2006,5.62
5/26/2006,5.62
5/25/2006,5.64
5/24/2006,5.61
5/23/2006,5.64
5/22/2006,5.61
5/19/2006,5.63
5/18/2006,5.63
5/17/2006,5.69
5/16/2006,5.64
5/15/2006,5.68
5/12/2006,5.71
5/11/2006,5.68
5/10/2006,5.67
5/9/2006,5.66
5/8/2006,5.65
5/5/2006,5.64
5/4/2006,5.67
5/3/2006,5.66
5/2/2006,5.63
5/1/2006,5.64
4/30/2006,5.59
4/28/2006,5.58
4/27/2006,5.61
4/26/2006,5.66
4/25/2006,5.62
4/24/2006,5.55
4/21/2006,5.58
4/20/2006,5.58
4/19/2006,5.57
4/18/2006,5.54
4/17/2006,5.58
4/13/2006,5.61
4/12/2006,5.56
4/11/2006,5.52
4/10/2006,5.55
4/7/2006,5.55
4/6/2006,5.49
4/5/2006,5.45
4/4/2006,5.48
4/3/2006,5.5
3/31/2006,5.48
3/30/2006,5.47
3/29/2006,5.43
3/28/2006,5.41
3/27/2006,5.34
3/24/2006,5.31
3/23/2006,5.37
3/22/2006,5.34
3/21/2006,5.34
3/20/2006,5.27
3/17/2006,5.29
3/16/2006,5.27
3/15/2006,5.34
3/14/2006,5.33
3/13/2006,5.41
3/10/2006,5.39
3/9/2006,5.37
3/8/2006,5.38
3/7/2006,5.39
3/6/2006,5.39
3/3/2006,5.35
3/2/2006,5.31
3/1/2006,5.28
2/28/2006,5.25
2/27/2006,5.29
2/24/2006,5.27
2/23/2006,5.28
2/22/2006,5.24
2/21/2006,5.26
2/20/2006,5.23
2/17/2006,5.23
2/16/2006,5.27
2/15/2006,5.28
2/14/2006,5.28
2/13/2006,5.26
2/10/2006,5.27
2/9/2006,5.24
2/8/2006,5.24
2/7/2006,5.21
2/6/2006,5.2
2/3/2006,5.19
2/2/2006,5.2
2/1/2006,5.2
1/31/2006,5.16
1/30/2006,5.16
1/27/2006,5.13
1/26/2006,5.14
1/25/2006,5.1
1/24/2006,5.03
1/23/2006,5
1/20/2006,5.01
1/19/2006,5.03
1/18/2006,4.99
1/17/2006,4.98
1/16/2006,5
1/13/2006,5
1/12/2006,5.05
1/11/2006,5.09
1/10/2006,5.06
1/9/2006,5.02
1/6/2006,5.02
1/5/2006,4.99
1/4/2006,4.99
1/3/2006,5.01
12/31/2005,5.05
12/30/2005,5.06
12/29/2005,5.03
12/28/2005,5.03
12/27/2005,5
12/23/2005,5.03
12/22/2005,5.07
12/21/2005,5.11
12/20/2005,5.09
12/19/2005,5.07
12/16/2005,5.06
12/15/2005,5.07
12/14/2005,5.06
12/13/2005,5.14
12/12/2005,5.15
12/9/2005,5.14
12/8/2005,5.07
12/7/2005,5.12
12/6/2005,5.11
12/5/2005,5.17
12/2/2005,5.14
12/1/2005,5.14
11/30/2005,5.11
11/29/2005,5.08
11/28/2005,5
11/25/2005,5.02
11/24/2005,5.06
11/23/2005,5.05
11/22/2005,5.01
11/21/2005,5.06
11/18/2005,5.09
11/17/2005,5.05
11/16/2005,5.09
11/15/2005,5.15
11/14/2005,5.19
11/11/2005,5.14
11/10/2005,5.14
11/9/2005,5.2
11/8/2005,5.14
11/7/2005,5.19
11/4/2005,5.2
11/3/2005,5.19
11/2/2005,5.15
11/1/2005,5.13
10/31/2005,5.11
10/28/2005,5.11
10/27/2005,5.09
10/26/2005,5.12
10/25/2005,5.04
10/24/2005,4.98
10/21/2005,4.93
10/20/2005,4.99
10/19/2005,4.98
10/18/2005,5
10/17/2005,5.01
10/14/2005,5.01
10/13/2005,4.99
10/12/2005,4.97
10/11/2005,4.92
10/10/2005,4.9
10/7/2005,4.9
10/6/2005,4.9
10/5/2005,4.91
10/4/2005,4.92
10/3/2005,4.92
9/30/2005,4.88
9/29/2005,4.82
9/28/2005,4.8
9/27/2005,4.82
9/26/2005,4.8
9/23/2005,4.76
9/22/2005,4.69
9/21/2005,4.71
9/20/2005,4.75
9/19/2005,4.72
9/16/2005,4.74
9/15/2005,4.7
9/14/2005,4.67
9/13/2005,4.64
9/12/2005,4.68
9/9/2005,4.64
9/8/2005,4.65
9/7/2005,4.63
9/6/2005,4.58
9/5/2005,4.53
9/2/2005,4.54
9/1/2005,4.52
8/31/2005,4.57
8/30/2005,4.64
8/29/2005,4.73
8/26/2005,4.74
8/25/2005,4.7
8/24/2005,4.71
8/23/2005,4.72
8/22/2005,4.74
8/19/2005,4.74
8/18/2005,4.74
8/17/2005,4.79
8/16/2005,4.76
8/15/2005,4.8
8/12/2005,4.78
8/11/2005,4.85
8/10/2005,4.9
8/9/2005,4.9
8/8/2005,4.92
8/5/2005,4.89
8/4/2005,4.82
8/3/2005,4.8
8/2/2005,4.83
8/1/2005,4.82
7/31/2005,4.79
7/29/2005,4.79
7/28/2005,4.71
7/27/2005,4.76
7/26/2005,4.73
7/25/2005,4.73
7/22/2005,4.7
7/21/2005,4.74
7/20/2005,4.66
7/19/2005,4.67
7/18/2005,4.7
7/15/2005,4.67
7/14/2005,4.67
7/13/2005,4.66
7/12/2005,4.65
7/11/2005,4.61
7/8/2005,4.62
7/7/2005,4.55
7/6/2005,4.58
7/5/2005,4.61
7/4/2005,4.56
7/1/2005,4.56
6/30/2005,4.47
6/29/2005,4.49
6/28/2005,4.47
6/27/2005,4.4
6/24/2005,4.42
6/23/2005,4.46
6/22/2005,4.44
6/21/2005,4.54
6/20/2005,4.58
6/17/2005,4.57
6/16/2005,4.56
6/15/2005,4.59
6/14/2005,4.6
6/13/2005,4.57
6/10/2005,4.55
6/9/2005,4.48
6/8/2005,4.44
6/7/2005,4.4
6/6/2005,4.44
6/3/2005,4.46
6/2/2005,4.38
6/1/2005,4.38
5/31/2005,4.49
5/30/2005,4.56
5/27/2005,4.56
5/26/2005,4.56
5/25/2005,4.54
5/24/2005,4.52
5/23/2005,4.55
5/20/2005,4.6
5/19/2005,4.58
5/18/2005,4.53
5/17/2005,4.57
5/16/2005,4.57
5/13/2005,4.58
5/12/2005,4.62
5/11/2005,4.64
5/10/2005,4.65
5/9/2005,4.71
5/6/2005,4.69
5/5/2005,4.57
5/4/2005,4.61
5/3/2005,4.63
5/2/2005,4.61
4/30/2005,4.62
4/29/2005,4.62
4/28/2005,4.57
4/27/2005,4.63
4/26/2005,4.66
4/25/2005,4.65
4/22/2005,4.64
4/21/2005,4.68
4/20/2005,4.58
4/19/2005,4.57
4/18/2005,4.62
4/15/2005,4.64
4/14/2005,4.7
4/13/2005,4.73
4/12/2005,4.73
4/11/2005,4.8
4/8/2005,4.82
4/7/2005,4.8
4/6/2005,4.76
4/5/2005,4.79
4/4/2005,4.79
4/1/2005,4.77
3/31/2005,4.82
3/30/2005,4.81
3/29/2005,4.83
3/28/2005,4.86
3/24/2005,4.83
3/23/2005,4.83
3/22/2005,4.8
3/21/2005,4.72
3/18/2005,4.71
3/17/2005,4.68
3/16/2005,4.72
3/15/2005,4.72
3/14/2005,4.71
3/11/2005,4.72
3/10/2005,4.65
3/9/2005,4.67
3/8/2005,4.58
3/7/2005,4.53
3/4/2005,4.53
3/3/2005,4.58
3/2/2005,4.57
3/1/2005,4.57
2/28/2005,4.57
2/25/2005,4.48
2/24/2005,4.48
2/23/2005,4.46
2/22/2005,4.47
2/21/2005,4.45
2/18/2005,4.45
2/17/2005,4.4
2/16/2005,4.39
2/15/2005,4.34
2/14/2005,4.32
2/11/2005,4.33
2/10/2005,4.29
2/9/2005,4.24
2/8/2005,4.29
2/7/2005,4.29
2/4/2005,4.3
2/3/2005,4.37
2/2/2005,4.35
2/1/2005,4.34
1/31/2005,4.34
1/28/2005,4.3
1/27/2005,4.35
1/26/2005,4.34
1/25/2005,4.33
1/24/2005,4.28
1/21/2005,4.28
1/20/2005,4.31
1/19/2005,4.34
1/18/2005,4.34
1/17/2005,4.34
1/14/2005,4.35
1/13/2005,4.31
1/12/2005,4.35
1/11/2005,4.36
1/10/2005,4.38
1/7/2005,4.38
1/6/2005,4.36
1/5/2005,4.37
1/4/2005,4.36
1/3/2005,4.29
12/31/2004,4.29
12/30/2004,4.36
12/29/2004,4.4
12/28/2004,4.37
12/27/2004,4.37
12/23/2004,4.31
12/22/2004,4.31
12/21/2004,4.29
12/20/2004,4.31
12/17/2004,4.32
12/16/2004,4.29
12/15/2004,4.22
12/14/2004,4.26
12/13/2004,4.27
12/10/2004,4.26
12/9/2004,4.27
12/8/2004,4.25
12/7/2004,4.32
12/6/2004,4.32
12/3/2004,4.35
12/2/2004,4.45
12/1/2004,4.43
11/30/2004,4.42
11/29/2004,4.43
11/26/2004,4.37
11/25/2004,4.35
11/24/2004,4.34
11/23/2004,4.32
11/22/2004,4.3
11/19/2004,4.32
11/18/2004,4.25
11/17/2004,4.26
11/16/2004,4.31
11/15/2004,4.3
11/12/2004,4.3
11/11/2004,4.34
11/10/2004,4.34
11/9/2004,4.3
11/8/2004,4.3
11/5/2004,4.27
11/4/2004,4.14
11/3/2004,4.13
11/2/2004,4.14
11/1/2004,4.15
10/31/2004,4.1
10/29/2004,4.08
10/28/2004,4.13
10/27/2004,4.14
10/26/2004,4.05
10/25/2004,4.04
10/22/2004,4.06
10/21/2004,4.07
10/20/2004,4.06
10/19/2004,4.08
10/18/2004,4.08
10/15/2004,4.09
10/14/2004,4.05
10/13/2004,4.1
10/12/2004,4.12
10/11/2004,4.16
10/8/2004,4.16
10/7/2004,4.26
10/6/2004,4.24
10/5/2004,4.19
10/4/2004,4.2
10/1/2004,4.22
9/30/2004,4.18
9/29/2004,4.14
9/28/2004,4.07
9/27/2004,4.07
9/24/2004,4.1
9/23/2004,4.08
9/22/2004,4.04
9/21/2004,4.07
9/20/2004,4.07
9/17/2004,4.13
9/16/2004,4.08
9/15/2004,4.16
9/14/2004,4.13
9/13/2004,4.16
9/10/2004,4.18
9/9/2004,4.2
9/8/2004,4.18
9/7/2004,4.25
9/6/2004,4.28
9/3/2004,4.29
9/2/2004,4.18
9/1/2004,4.13
8/31/2004,4.14
8/30/2004,4.17
8/27/2004,4.21
8/26/2004,4.21
8/25/2004,4.24
8/24/2004,4.25
8/23/2004,4.25
8/20/2004,4.22
8/19/2004,4.2
8/18/2004,4.22
8/17/2004,4.2
8/16/2004,4.25
8/13/2004,4.22
8/12/2004,4.27
8/11/2004,4.3
8/10/2004,4.3
8/9/2004,4.25
8/6/2004,4.22
8/5/2004,4.42
8/4/2004,4.44
8/3/2004,4.44
8/2/2004,4.46
7/31/2004,4.49
7/30/2004,4.46
7/29/2004,4.55
7/28/2004,4.57
7/27/2004,4.58
7/26/2004,4.49
7/23/2004,4.46
7/22/2004,4.47
7/21/2004,4.49
7/20/2004,4.45
7/19/2004,4.36
7/16/2004,4.36
7/15/2004,4.48
7/14/2004,4.48
7/13/2004,4.46
7/12/2004,4.43
7/9/2004,4.44
7/8/2004,4.45
7/7/2004,4.46
7/6/2004,4.46
7/5/2004,4.45
7/2/2004,4.45
7/1/2004,4.55
6/30/2004,4.6
6/29/2004,4.64
6/28/2004,4.67
6/25/2004,4.59
6/24/2004,4.58
6/23/2004,4.63
6/22/2004,4.64
6/21/2004,4.63
6/18/2004,4.66
6/17/2004,4.64
6/16/2004,4.67
6/15/2004,4.64
6/14/2004,4.8
6/11/2004,4.71
6/10/2004,4.72
6/9/2004,4.72
6/8/2004,4.68
6/7/2004,4.68
6/4/2004,4.7
6/3/2004,4.63
6/2/2004,4.64
6/1/2004,4.6
5/31/2004,4.57
5/28/2004,4.54
5/27/2004,4.46
5/26/2004,4.53
5/25/2004,4.58
5/24/2004,4.59
5/21/2004,4.61
5/20/2004,4.57
5/19/2004,4.64
5/18/2004,4.59
5/17/2004,4.55
5/14/2004,4.63
5/13/2004,4.7
5/12/2004,4.64
5/11/2004,4.62
5/10/2004,4.63
5/7/2004,4.63
5/6/2004,4.44
5/5/2004,4.41
5/4/2004,4.35
5/3/2004,4.33
4/30/2004,4.34
4/29/2004,4.33
4/28/2004,4.27
4/27/2004,4.19
4/26/2004,4.23
4/23/2004,4.25
4/22/2004,4.15
4/21/2004,4.21
4/20/2004,4.19
4/19/2004,4.14
4/16/2004,4.12
4/15/2004,4.17
4/14/2004,4.14
4/13/2004,4.08
4/12/2004,3.99
4/8/2004,3.97
4/7/2004,3.95
4/6/2004,3.95
4/5/2004,3.99
4/2/2004,3.92
4/1/2004,3.71
3/31/2004,3.66
3/30/2004,3.72
3/29/2004,3.71
3/26/2004,3.68
3/25/2004,3.6
3/24/2004,3.59
3/23/2004,3.59
3/22/2004,3.6
3/19/2004,3.65
3/18/2004,3.63
3/17/2004,3.58
3/16/2004,3.57
3/15/2004,3.64
3/12/2004,3.64
3/11/2004,3.63
3/10/2004,3.62
3/9/2004,3.6
3/8/2004,3.64
3/5/2004,3.69
3/4/2004,3.86
3/3/2004,3.89
3/2/2004,3.87
3/1/2004,3.83
2/29/2004,3.83
2/27/2004,3.8
2/26/2004,3.85
2/25/2004,3.83
2/24/2004,3.84
2/23/2004,3.85
2/20/2004,3.9
2/19/2004,3.86
2/18/2004,3.86
2/17/2004,3.85
2/16/2004,3.85
2/13/2004,3.86
2/12/2004,3.9
2/11/2004,3.87
2/10/2004,3.94
2/9/2004,3.9
2/6/2004,3.93
2/5/2004,4.01
2/4/2004,3.96
2/3/2004,3.93
2/2/2004,3.98
1/31/2004,3.98
1/30/2004,3.94
1/29/2004,3.98
1/28/2004,3.98
1/27/2004,3.87
1/26/2004,3.91
1/23/2004,3.86
1/22/2004,3.78
1/21/2004,3.83
1/20/2004,3.85
1/19/2004,3.82
1/16/2004,3.83
1/15/2004,3.8
1/14/2004,3.8
1/13/2004,3.82
1/12/2004,3.86
1/9/2004,3.88
1/8/2004,4.02
1/7/2004,4.02
1/6/2004,4.05
1/5/2004,4.14
1/2/2004,4.14
12/31/2003,4.04
12/30/2003,4.03
12/29/2003,4
12/26/2003,3.95
12/24/2003,3.99
12/23/2003,4.06
12/22/2003,3.98
12/19/2003,3.96
12/18/2003,3.97
12/17/2003,3.99
12/16/2003,4.02
12/15/2003,4.06
12/12/2003,4.05
12/11/2003,4.04
12/10/2003,4.12
12/9/2003,4.16
12/8/2003,4.1
12/5/2003,4.05
12/4/2003,4.2
12/3/2003,4.23
12/2/2003,4.21
12/1/2003,4.23
11/30/2003,4.18
11/28/2003,4.13
11/27/2003,4.05
11/26/2003,4.06
11/25/2003,4
11/24/2003,4.03
11/21/2003,3.96
11/20/2003,3.97
11/19/2003,4.03
11/18/2003,3.97
11/17/2003,3.97
11/14/2003,4.03
11/13/2003,4.09
11/12/2003,4.22
11/11/2003,4.26
11/10/2003,4.26
11/7/2003,4.25
11/6/2003,4.21
11/5/2003,4.17
11/4/2003,4.11
11/3/2003,4.15
10/31/2003,4.1
10/30/2003,4.12
10/29/2003,4.06
10/28/2003,3.98
10/27/2003,4.07
10/24/2003,4.01
10/23/2003,4.11
10/22/2003,4.08
10/21/2003,4.14
10/20/2003,4.15
10/17/2003,4.17
10/16/2003,4.24
10/15/2003,4.15
10/14/2003,4.1
10/13/2003,4.03
10/10/2003,4.03
10/9/2003,4.08
10/8/2003,4.04
10/7/2003,4.05
10/6/2003,3.98
10/3/2003,4.03
10/2/2003,3.86
10/1/2003,3.8
9/30/2003,3.82
9/29/2003,3.93
9/26/2003,3.9
9/25/2003,3.97
9/24/2003,3.98
9/23/2003,4.04
9/22/2003,4.06
9/19/2003,4.03
9/18/2003,4.03
9/17/2003,4.02
9/16/2003,4.08
9/15/2003,4.05
9/12/2003,4.11
9/11/2003,4.17
9/10/2003,4.12
9/9/2003,4.2
9/8/2003,4.23
9/5/2003,4.19
9/4/2003,4.35
9/3/2003,4.44
9/2/2003,4.44
9/1/2003,4.34
8/31/2003,4.34
8/29/2003,4.37
8/28/2003,4.35
8/27/2003,4.46
8/26/2003,4.41
8/25/2003,4.45
8/22/2003,4.39
8/21/2003,4.44
8/20/2003,4.35
8/19/2003,4.31
8/18/2003,4.4
8/15/2003,4.44
8/14/2003,4.5
8/13/2003,4.45
8/12/2003,4.27
8/11/2003,4.3
8/8/2003,4.24
8/7/2003,4.26
8/6/2003,4.3
8/5/2003,4.41
8/4/2003,4.31
8/1/2003,4.37
7/31/2003,4.4
7/30/2003,4.24
7/29/2003,4.28
7/28/2003,4.19
7/25/2003,4.1
7/24/2003,4.1
7/23/2003,4.06
7/22/2003,4.1
7/21/2003,4.13
7/18/2003,3.98
7/17/2003,3.96
7/16/2003,3.96
7/15/2003,3.92
7/14/2003,3.77
7/11/2003,3.71
7/10/2003,3.75
7/9/2003,3.78
7/8/2003,3.8
7/7/2003,3.78
7/4/2003,3.73
7/3/2003,3.74
7/2/2003,3.66
7/1/2003,3.69
6/30/2003,3.67
6/27/2003,3.7
6/26/2003,3.69
6/25/2003,3.55
6/24/2003,3.45
6/23/2003,3.48
6/20/2003,3.56
6/19/2003,3.51
6/18/2003,3.55
6/17/2003,3.48
6/16/2003,3.41
6/13/2003,3.35
6/12/2003,3.4
6/11/2003,3.43
6/10/2003,3.42
6/9/2003,3.5
6/6/2003,3.58
6/5/2003,3.57
6/4/2003,3.53
6/3/2003,3.57
6/2/2003,3.65
5/31/2003,3.6
5/30/2003,3.58
5/29/2003,3.56
5/28/2003,3.63
5/27/2003,3.62
5/26/2003,3.59
5/23/2003,3.6
5/22/2003,3.6
5/21/2003,3.65
5/20/2003,3.6
5/19/2003,3.66
5/16/2003,3.69
5/15/2003,3.76
5/14/2003,3.72
5/13/2003,3.79
5/12/2003,3.8
5/9/2003,3.84
5/8/2003,3.83
5/7/2003,3.82
5/6/2003,3.92
5/5/2003,3.98
5/2/2003,4.01
5/1/2003,3.96
4/30/2003,3.98
4/29/2003,4.03
4/28/2003,4
4/25/2003,3.99
4/24/2003,4.02
4/23/2003,4.12
4/22/2003,4.11
4/21/2003,4.12
4/17/2003,4.12
4/16/2003,4.11
4/15/2003,4.15
4/14/2003,4.18
4/11/2003,4.14
4/10/2003,4.1
4/9/2003,4.07
4/8/2003,4.11
4/7/2003,4.18
4/4/2003,4.11
4/3/2003,4.11
4/2/2003,4.13
4/1/2003,4.04
3/31/2003,4.06
3/28/2003,4.09
3/27/2003,4.14
3/26/2003,4.16
3/25/2003,4.18
3/24/2003,4.19
3/21/2003,4.3
3/20/2003,4.23
3/19/2003,4.21
3/18/2003,4.16
3/17/2003,4.08
3/14/2003,4.02
3/13/2003,4.06
3/12/2003,3.92
3/11/2003,3.9
3/10/2003,3.88
3/7/2003,3.91
3/6/2003,3.95
3/5/2003,3.94
3/4/2003,3.96
3/3/2003,3.99
2/28/2003,4.02
2/27/2003,4.05
2/26/2003,4.06
2/25/2003,4.08
2/24/2003,4.12
2/21/2003,4.16
2/20/2003,4.13
2/19/2003,4.16
2/18/2003,4.22
2/17/2003,4.23
2/14/2003,4.24
2/13/2003,4.17
2/12/2003,4.22
2/11/2003,4.23
2/10/2003,4.26
2/7/2003,4.21
2/6/2003,4.24
2/5/2003,4.32
2/4/2003,4.26
2/3/2003,4.32
1/31/2003,4.33
1/30/2003,4.27
1/29/2003,4.32
1/28/2003,4.28
1/27/2003,4.27
1/24/2003,4.21
1/23/2003,4.26
1/22/2003,4.24
1/21/2003,4.28
1/20/2003,4.27
1/17/2003,4.28
1/16/2003,4.35
1/15/2003,4.35
1/14/2003,4.36
1/13/2003,4.41
1/10/2003,4.45
1/9/2003,4.46
1/8/2003,4.31
1/7/2003,4.37
1/6/2003,4.43
1/3/2003,4.41
1/2/2003,4.41
12/31/2002,4.23
12/30/2002,4.14
12/27/2002,4.17
12/26/2002,4.26
12/24/2002,4.28
12/23/2002,4.32
12/20/2002,4.31
12/19/2002,4.31
12/18/2002,4.4
12/17/2002,4.47
12/16/2002,4.49
12/13/2002,4.46
12/12/2002,4.41
12/11/2002,4.41
12/10/2002,4.45
12/9/2002,4.46
12/6/2002,4.51
12/5/2002,4.55
12/4/2002,4.6
12/3/2002,4.64
12/2/2002,4.63
11/30/2002,4.62
11/29/2002,4.59
11/28/2002,4.61
11/27/2002,4.61
11/26/2002,4.49
11/25/2002,4.58
11/22/2002,4.59
11/21/2002,4.56
11/20/2002,4.5
11/19/2002,4.41
11/18/2002,4.45
11/15/2002,4.48
11/14/2002,4.47
11/13/2002,4.32
11/12/2002,4.33
11/11/2002,4.42
11/8/2002,4.43
11/7/2002,4.45
11/6/2002,4.56
11/5/2002,4.6
11/4/2002,4.57
11/1/2002,4.52
10/31/2002,4.46
10/30/2002,4.57
10/29/2002,4.57
10/28/2002,4.71
10/25/2002,4.81
10/24/2002,4.87
10/23/2002,4.97
10/22/2002,4.98
10/21/2002,4.96
10/18/2002,4.89
10/17/2002,4.89
10/16/2002,4.81
10/15/2002,4.79
10/14/2002,4.6
10/11/2002,4.61
10/10/2002,4.54
10/9/2002,4.36
10/8/2002,4.42
10/7/2002,4.39
10/4/2002,4.43
10/3/2002,4.4
10/2/2002,4.41
10/1/2002,4.41
9/30/2002,4.33
9/27/2002,4.35
9/26/2002,4.37
9/25/2002,4.36
9/24/2002,4.27
9/23/2002,4.28
9/20/2002,4.35
9/19/2002,4.35
9/18/2002,4.42
9/17/2002,4.44
9/16/2002,4.44
9/13/2002,4.48
9/12/2002,4.53
9/11/2002,4.63
9/10/2002,4.54
9/9/2002,4.57
9/6/2002,4.56
9/5/2002,4.42
9/4/2002,4.47
9/3/2002,4.49
9/2/2002,4.63
8/31/2002,4.63
8/30/2002,4.6
8/29/2002,4.62
8/28/2002,4.67
8/27/2002,4.72
8/26/2002,4.66
8/23/2002,4.67
8/22/2002,4.74
8/21/2002,4.66
8/20/2002,4.65
8/19/2002,4.77
8/16/2002,4.79
8/15/2002,4.69
8/14/2002,4.6
8/13/2002,4.58
8/12/2002,4.66
8/9/2002,4.7
8/8/2002,4.79
8/7/2002,4.7
8/6/2002,4.8
8/5/2002,4.66
8/2/2002,4.7
8/1/2002,4.93
7/31/2002,4.99
7/30/2002,5.1
7/29/2002,5.06
7/26/2002,4.91
7/25/2002,4.93
7/24/2002,4.96
7/23/2002,4.86
7/22/2002,4.9
7/19/2002,5
7/18/2002,5.04
7/17/2002,5.16
7/16/2002,5.14
7/15/2002,5.05
7/12/2002,5.04
7/11/2002,5.07
7/10/2002,5.09
7/9/2002,5.19
7/8/2002,5.27
7/5/2002,5.31
7/4/2002,5.2
7/3/2002,5.21
7/2/2002,5.14
7/1/2002,5.21
6/30/2002,5.25
6/28/2002,5.17
6/27/2002,5.11
6/26/2002,5.02
6/25/2002,5.13
6/24/2002,5.13
6/21/2002,5.07
6/20/2002,5.13
6/19/2002,5.04
6/18/2002,5.15
6/17/2002,5.16
6/14/2002,5.12
6/13/2002,5.22
6/12/2002,5.23
6/11/2002,5.28
6/10/2002,5.34
6/7/2002,5.36
6/6/2002,5.32
6/5/2002,5.35
6/4/2002,5.33
6/3/2002,5.37
5/31/2002,5.4
5/30/2002,5.3
5/29/2002,5.33
5/28/2002,5.35
5/27/2002,5.35
5/24/2002,5.35
5/23/2002,5.35
5/22/2002,5.31
5/21/2002,5.36
5/20/2002,5.41
5/17/2002,5.47
5/16/2002,5.4
5/15/2002,5.47
5/14/2002,5.51
5/13/2002,5.44
5/10/2002,5.36
5/9/2002,5.43
5/8/2002,5.47
5/7/2002,5.34
5/6/2002,5.37
5/3/2002,5.35
5/2/2002,5.42
5/1/2002,5.39
4/30/2002,5.43
4/29/2002,5.42
4/26/2002,5.39
4/25/2002,5.41
4/24/2002,5.43
4/23/2002,5.5
4/22/2002,5.5
4/19/2002,5.52
4/18/2002,5.54
4/17/2002,5.56
4/16/2002,5.54
4/15/2002,5.44
4/12/2002,5.48
4/11/2002,5.52
4/10/2002,5.53
4/9/2002,5.53
4/8/2002,5.56
4/5/2002,5.54
4/4/2002,5.61
4/3/2002,5.6
4/2/2002,5.68
4/1/2002,5.77
3/31/2002,5.76
3/28/2002,5.62
3/27/2002,5.57
3/26/2002,5.58
3/25/2002,5.66
3/22/2002,5.64
3/21/2002,5.62
3/20/2002,5.6
3/19/2002,5.52
3/18/2002,5.52
3/15/2002,5.54
3/14/2002,5.56
3/13/2002,5.44
3/12/2002,5.49
3/11/2002,5.51
3/8/2002,5.52
3/7/2002,5.41
3/6/2002,5.25
3/5/2002,5.25
3/4/2002,5.24
3/1/2002,5.21
2/28/2002,5.12
2/27/2002,4.94
2/26/2002,5.02
2/25/2002,4.96
2/22/2002,4.94
2/21/2002,4.98
2/20/2002,4.99
2/19/2002,4.99
2/18/2002,4.98
2/15/2002,4.99
2/14/2002,5.07
2/13/2002,5.1
2/12/2002,5.06
2/11/2002,5
2/8/2002,4.99
2/7/2002,5.03
2/6/2002,5.02
2/5/2002,5.01
2/4/2002,5.01
2/1/2002,5.08
1/31/2002,5.14
1/30/2002,4.99
1/29/2002,4.93
1/28/2002,5.04
1/25/2002,5.04
1/24/2002,5.01
1/23/2002,4.97
1/22/2002,4.88
1/21/2002,4.85
1/18/2002,4.86
1/17/2002,4.91
1/16/2002,4.82
1/15/2002,4.79
1/14/2002,4.81
1/11/2002,4.79
1/10/2002,4.92
1/9/2002,5.01
1/8/2002,5.04
1/7/2002,5.02
1/4/2002,5.13
1/3/2002,5.14
1/2/2002,5.16
12/31/2001,5.04
12/28/2001,5.05
12/27/2001,5.1
12/26/2001,5.18
12/24/2001,5.13
12/21/2001,5.1
12/20/2001,5.08
12/19/2001,5.06
12/18/2001,5.11
12/17/2001,5.2
12/14/2001,5.17
12/13/2001,5.12
12/12/2001,4.94
12/11/2001,5
12/10/2001,5.07
12/7/2001,5.13
12/6/2001,5.05
12/5/2001,4.97
12/4/2001,4.73
12/3/2001,4.77
11/30/2001,4.8
11/29/2001,4.8
11/28/2001,5
11/27/2001,5.06
11/26/2001,5.15
11/23/2001,5.14
11/22/2001,5.08
11/21/2001,5.08
11/20/2001,4.99
11/19/2001,4.92
11/16/2001,5.06
11/15/2001,4.94
11/14/2001,4.73
11/13/2001,4.6
11/12/2001,4.54
11/9/2001,4.55
11/8/2001,4.52
11/7/2001,4.44
11/6/2001,4.5
11/5/2001,4.55
11/2/2001,4.6
11/1/2001,4.52
10/31/2001,4.52
10/30/2001,4.57
10/29/2001,4.65
10/26/2001,4.7
10/25/2001,4.71
10/24/2001,4.8
10/23/2001,4.85
10/22/2001,4.85
10/19/2001,4.85
10/18/2001,4.81
10/17/2001,4.83
10/16/2001,4.83
10/15/2001,4.85
10/12/2001,4.89
10/11/2001,4.92
10/10/2001,4.85
10/9/2001,4.84
10/8/2001,4.78
10/5/2001,4.79
10/4/2001,4.83
10/3/2001,4.83
10/2/2001,4.83
10/1/2001,4.88
9/30/2001,4.9
9/28/2001,4.85
9/27/2001,4.85
9/26/2001,4.88
9/25/2001,4.96
9/24/2001,4.99
9/21/2001,4.96
9/20/2001,4.98
9/19/2001,4.98
9/18/2001,5.16
9/17/2001,5.03
9/14/2001,4.96
9/10/2001,5.18
9/7/2001,5.16
9/6/2001,5.25
9/5/2001,5.36
9/4/2001,5.38
9/3/2001,5.25
8/31/2001,5.25
8/30/2001,5.19
8/29/2001,5.23
8/28/2001,5.27
8/27/2001,5.35
8/24/2001,5.34
8/23/2001,5.31
8/22/2001,5.34
8/21/2001,5.32
8/20/2001,5.34
8/17/2001,5.28
8/16/2001,5.36
8/15/2001,5.41
8/14/2001,5.37
8/13/2001,5.34
8/10/2001,5.38
8/9/2001,5.41
8/8/2001,5.39
8/7/2001,5.5
8/6/2001,5.49
8/3/2001,5.51
8/2/2001,5.49
8/1/2001,5.44
7/31/2001,5.41
7/30/2001,5.46
7/27/2001,5.49
7/26/2001,5.54
7/25/2001,5.57
7/24/2001,5.52
7/23/2001,5.53
7/20/2001,5.58
7/19/2001,5.58
7/18/2001,5.57
7/17/2001,5.67
7/16/2001,5.67
7/13/2001,5.71
7/12/2001,5.7
7/11/2001,5.72
7/10/2001,5.72
7/9/2001,5.77
7/6/2001,5.79
7/5/2001,5.86
7/4/2001,5.82
7/3/2001,5.82
7/2/2001,5.8
6/30/2001,5.85
6/29/2001,5.83
6/28/2001,5.77
6/27/2001,5.67
6/26/2001,5.62
6/25/2001,5.56
6/22/2001,5.54
6/21/2001,5.6
6/20/2001,5.61
6/19/2001,5.63
6/18/2001,5.61
6/15/2001,5.62
6/14/2001,5.61
6/13/2001,5.66
6/12/2001,5.67
6/11/2001,5.72
6/8/2001,5.77
6/7/2001,5.72
6/6/2001,5.7
6/5/2001,5.71
6/4/2001,5.78
6/1/2001,5.8
5/31/2001,5.81
5/30/2001,5.93
5/29/2001,5.93
5/28/2001,5.91
5/25/2001,5.92
5/24/2001,5.93
5/23/2001,5.86
5/22/2001,5.88
5/21/2001,5.89
5/18/2001,5.89
5/17/2001,5.89
5/16/2001,5.88
5/15/2001,5.91
5/14/2001,5.9
5/11/2001,5.96
5/10/2001,5.77
5/9/2001,5.68
5/8/2001,5.72
5/7/2001,5.73
5/4/2001,5.73
5/3/2001,5.77
5/2/2001,5.84
5/1/2001,5.83
4/30/2001,5.88
4/27/2001,5.87
4/26/2001,5.76
4/25/2001,5.82
4/24/2001,5.81
4/23/2001,5.8
4/20/2001,5.88
4/19/2001,5.89
4/18/2001,5.81
4/17/2001,5.92
4/16/2001,6
4/12/2001,5.89
4/11/2001,5.84
4/10/2001,5.8
4/9/2001,5.66
4/6/2001,5.64
4/5/2001,5.74
4/4/2001,5.69
4/3/2001,5.72
4/2/2001,5.76
3/31/2001,5.74
3/30/2001,5.7
3/29/2001,5.75
3/28/2001,5.77
3/27/2001,5.79
3/26/2001,5.67
3/23/2001,5.63
3/22/2001,5.56
3/21/2001,5.62
3/20/2001,5.65
3/19/2001,5.71
3/16/2001,5.65
3/15/2001,5.67
3/14/2001,5.73
3/13/2001,5.83
3/12/2001,5.82
3/9/2001,5.83
3/8/2001,5.79
3/7/2001,5.81
3/6/2001,5.87
3/5/2001,5.87
3/2/2001,5.86
3/1/2001,5.78
2/28/2001,5.82
2/27/2001,5.87
2/26/2001,5.92
2/23/2001,5.96
2/22/2001,6.04
2/21/2001,6.07
2/20/2001,6.05
2/19/2001,6.05
2/16/2001,6.05
2/15/2001,6.15
2/14/2001,6.09
2/13/2001,6.04
2/12/2001,6.01
2/9/2001,5.99
2/8/2001,6.06
2/7/2001,6.04
2/6/2001,6.06
2/5/2001,6.02
2/2/2001,6.02
2/1/2001,5.93
1/31/2001,5.99
1/30/2001,6.09
1/29/2001,6.19
1/26/2001,6.19
1/25/2001,6.19
1/24/2001,6.24
1/23/2001,6.18
1/22/2001,6.17
1/19/2001,6.13
1/18/2001,6.07
1/17/2001,6.16
1/16/2001,6.22
1/15/2001,6.23
1/12/2001,6.23
1/11/2001,6.11
1/10/2001,6.08
1/9/2001,5.99
1/8/2001,5.93
1/5/2001,5.98
1/4/2001,6.1
1/3/2001,6.23
1/2/2001,6.1
12/31/2000,6.3
12/29/2000,6.3
12/28/2000,6.33
12/27/2000,6.3
12/26/2000,6.25
12/22/2000,6.24
12/21/2000,6.26
12/20/2000,6.32
12/19/2000,6.42
12/18/2000,6.4
12/15/2000,6.42
12/14/2000,6.46
12/13/2000,6.52
12/12/2000,6.65
12/11/2000,6.66
12/8/2000,6.65
12/7/2000,6.63
12/6/2000,6.62
12/5/2000,6.71
12/4/2000,6.78
12/1/2000,6.79
11/30/2000,6.74
11/29/2000,6.82
11/28/2000,6.86
11/27/2000,6.91
11/24/2000,6.91
11/23/2000,6.88
11/22/2000,6.88
11/21/2000,6.92
11/20/2000,6.92
11/17/2000,6.95
11/16/2000,6.93
11/15/2000,6.96
11/14/2000,6.98
11/13/2000,6.98
11/10/2000,6.99
11/9/2000,7
11/8/2000,7.05
11/7/2000,7.05
11/6/2000,7.05
11/3/2000,7.01
11/2/2000,6.94
11/1/2000,6.95
10/31/2000,6.98
10/30/2000,6.96
10/27/2000,6.94
10/26/2000,6.91
10/25/2000,6.91
10/24/2000,6.86
10/23/2000,6.83
10/20/2000,6.86
10/19/2000,6.88
10/18/2000,6.89
10/17/2000,6.87
10/16/2000,6.94
10/13/2000,6.88
10/12/2000,6.88
10/11/2000,6.95
10/10/2000,6.97
10/9/2000,6.99
10/6/2000,6.99
10/5/2000,7.01
10/4/2000,7.03
10/3/2000,7.01
10/2/2000,6.98
9/30/2000,6.97
9/29/2000,6.98
9/28/2000,7.01
9/27/2000,7.01
9/26/2000,7.01
9/25/2000,7.03
9/22/2000,7.03
9/21/2000,7.06
9/20/2000,7.07
9/19/2000,7.04
9/18/2000,7.04
9/15/2000,7.04
9/14/2000,7.04
9/13/2000,7.01
9/12/2000,7.05
9/11/2000,7.04
9/8/2000,7.02
9/7/2000,7.04
9/6/2000,7.02
9/5/2000,6.99
9/4/2000,6.99
9/1/2000,6.99
8/31/2000,7.05
8/30/2000,7.1
8/29/2000,7.11
8/28/2000,7.08
8/25/2000,7.03
8/24/2000,7.03
8/23/2000,7.05
8/22/2000,7.09
8/21/2000,7.1
8/18/2000,7.09
8/17/2000,7.13
8/16/2000,7.13
8/15/2000,7.11
8/14/2000,7.09
8/11/2000,7.12
8/10/2000,7.06
8/9/2000,7.1
8/8/2000,7.1
8/7/2000,7.13
8/4/2000,7.09
8/3/2000,7.14
8/2/2000,7.17
8/1/2000,7.18
7/31/2000,7.22
7/28/2000,7.23
7/27/2000,7.21
7/26/2000,7.26
7/25/2000,7.26
7/24/2000,7.27
7/21/2000,7.24
7/20/2000,7.25
7/19/2000,7.38
7/18/2000,7.38
7/17/2000,7.4
7/14/2000,7.34
7/13/2000,7.25
7/12/2000,7.32
7/11/2000,7.29
7/10/2000,7.28
7/7/2000,7.26
7/6/2000,7.31
7/5/2000,7.26
7/4/2000,7.27
7/3/2000,7.27
6/30/2000,7.31
6/29/2000,7.27
6/28/2000,7.35
6/27/2000,7.34
6/26/2000,7.36
6/23/2000,7.42
6/22/2000,7.37
6/21/2000,7.37
6/20/2000,7.3
6/19/2000,7.27
6/16/2000,7.25
6/15/2000,7.32
6/14/2000,7.31
6/13/2000,7.36
6/12/2000,7.36
6/9/2000,7.39
6/8/2000,7.37
6/7/2000,7.37
6/6/2000,7.38
6/5/2000,7.36
6/2/2000,7.43
6/1/2000,7.48
5/31/2000,7.57
5/30/2000,7.62
5/29/2000,7.57
5/26/2000,7.57
5/25/2000,7.62
5/24/2000,7.68
5/23/2000,7.67
5/22/2000,7.65
5/19/2000,7.71
5/18/2000,7.76
5/17/2000,7.71
5/16/2000,7.67
5/15/2000,7.68
5/12/2000,7.7
5/11/2000,7.62
5/10/2000,7.63
5/9/2000,7.68
5/8/2000,7.71
5/5/2000,7.67
5/4/2000,7.62
5/3/2000,7.58
5/2/2000,7.53
5/1/2000,7.49
4/30/2000,7.47
4/28/2000,7.46
4/27/2000,7.39
4/26/2000,7.28
4/25/2000,7.27
4/24/2000,7.15
4/20/2000,7.16
4/19/2000,7.15
4/18/2000,7.19
4/17/2000,7.17
4/14/2000,7.12
4/13/2000,7.15
4/12/2000,7.17
4/11/2000,7.1
4/10/2000,7.05
4/7/2000,7.09
4/6/2000,7.13
4/5/2000,7.11
4/4/2000,7.06
4/3/2000,7.2
3/31/2000,7.24
3/30/2000,7.24
3/29/2000,7.29
3/28/2000,7.3
3/27/2000,7.32
3/24/2000,7.31
3/23/2000,7.19
3/22/2000,7.23
3/21/2000,7.24
3/20/2000,7.26
3/17/2000,7.26
3/16/2000,7.28
3/15/2000,7.31
3/14/2000,7.33
3/13/2000,7.39
3/10/2000,7.39
3/9/2000,7.35
3/8/2000,7.37
3/7/2000,7.37
3/6/2000,7.4
3/3/2000,7.36
3/2/2000,7.39
3/1/2000,7.37
2/29/2000,7.39
2/28/2000,7.4
2/25/2000,7.28
2/24/2000,7.29
2/23/2000,7.36
2/22/2000,7.28
2/21/2000,7.38
2/18/2000,7.38
2/17/2000,7.45
2/16/2000,7.43
2/15/2000,7.43
2/14/2000,7.41
2/11/2000,7.47
2/10/2000,7.51
2/9/2000,7.45
2/8/2000,7.4
2/7/2000,7.46
2/4/2000,7.36
2/3/2000,7.3
2/2/2000,7.41
2/1/2000,7.45
1/31/2000,7.49
1/28/2000,7.41
1/27/2000,7.41
1/26/2000,7.42
1/25/2000,7.43
1/24/2000,7.42
1/21/2000,7.5
1/20/2000,7.52
1/19/2000,7.49
1/18/2000,7.52
1/17/2000,7.48
1/14/2000,7.47
1/13/2000,7.42
1/12/2000,7.49
1/11/2000,7.47
1/10/2000,7.39
1/7/2000,7.35
1/6/2000,7.37
1/5/2000,7.42
1/4/2000,7.34
1/3/2000,7.41
12/31/1999,7.29
12/30/1999,7.13
12/29/1999,7.15
12/28/1999,7.18
12/27/1999,7.16
12/24/1999,7.18
12/23/1999,7.18
12/22/1999,7.17
12/21/1999,7.15
12/20/1999,7.14
12/17/1999,7.09
12/16/1999,7.08
12/15/1999,7.03
12/14/1999,7
12/13/1999,6.88
12/10/1999,6.85
12/9/1999,6.9
12/8/1999,6.91
12/7/1999,6.9
12/6/1999,6.94
12/3/1999,6.96
12/2/1999,7.02
12/1/1999,7
11/30/1999,6.97
11/29/1999,7
11/26/1999,6.94
11/25/1999,6.92
11/24/1999,6.92
11/23/1999,6.91
11/22/1999,6.91
11/19/1999,6.89
11/18/1999,6.89
11/17/1999,6.86
11/16/1999,6.78
11/15/1999,6.75
11/12/1999,6.76
11/11/1999,6.82
11/10/1999,6.82
11/9/1999,6.79
11/8/1999,6.77
11/5/1999,6.76
11/4/1999,6.8
11/3/1999,6.84
11/2/1999,6.86
11/1/1999,6.89
10/31/1999,6.85
10/29/1999,6.87
10/28/1999,6.96
10/27/1999,7.03
10/26/1999,7.08
10/25/1999,7.06
10/22/1999,7.07
10/21/1999,7.06
10/20/1999,7.05
10/19/1999,7.04
10/18/1999,6.99
10/15/1999,6.96
10/14/1999,7.03
10/13/1999,7
10/12/1999,6.95
10/11/1999,6.92
10/8/1999,6.92
10/7/1999,6.93
10/6/1999,6.93
10/5/1999,6.91
10/4/1999,6.85
10/1/1999,6.87
9/30/1999,6.79
9/29/1999,6.87
9/28/1999,6.79
9/27/1999,6.75
9/24/1999,6.68
9/23/1999,6.77
9/22/1999,6.82
9/21/1999,6.84
9/20/1999,6.82
9/17/1999,6.79
9/16/1999,6.83
9/15/1999,6.85
9/14/1999,6.88
9/13/1999,6.84
9/10/1999,6.85
9/9/1999,6.91
9/8/1999,6.88
9/7/1999,6.9
9/6/1999,6.84
9/3/1999,6.85
9/2/1999,6.96
9/1/1999,6.93
8/31/1999,6.93
8/30/1999,6.9
8/27/1999,6.8
8/26/1999,6.7
8/25/1999,6.67
8/24/1999,6.76
8/23/1999,6.81
8/20/1999,6.8
8/19/1999,6.83
8/18/1999,6.81
8/17/1999,6.82
8/16/1999,6.9
8/13/1999,6.93
8/12/1999,7.02
8/11/1999,7.01
8/10/1999,7.04
8/9/1999,7.03
8/6/1999,6.89
8/5/1999,6.76
8/4/1999,6.82
8/3/1999,6.84
8/2/1999,6.81
7/31/1999,6.81
7/30/1999,6.79
7/29/1999,6.73
7/28/1999,6.66
7/27/1999,6.66
7/26/1999,6.69
7/23/1999,6.62
7/22/1999,6.57
7/21/1999,6.48
7/20/1999,6.47
7/19/1999,6.49
7/16/1999,6.47
7/15/1999,6.5
7/14/1999,6.51
7/13/1999,6.49
7/12/1999,6.51
7/9/1999,6.6
7/8/1999,6.6
7/7/1999,6.66
7/6/1999,6.63
7/5/1999,6.6
7/2/1999,6.6
7/1/1999,6.6
6/30/1999,6.57
6/29/1999,6.68
6/28/1999,6.7
6/25/1999,6.75
6/24/1999,6.78
6/23/1999,6.74
6/22/1999,6.68
6/21/1999,6.65
6/18/1999,6.61
6/17/1999,6.56
6/16/1999,6.69
6/15/1999,6.74
6/14/1999,6.74
6/11/1999,6.76
6/10/1999,6.68
6/9/1999,6.63
6/8/1999,6.6
6/7/1999,6.58
6/4/1999,6.57
6/3/1999,6.56
6/2/1999,6.57
6/1/1999,6.57
5/31/1999,6.44
5/28/1999,6.43
5/27/1999,6.39
5/26/1999,6.33
5/25/1999,6.28
5/24/1999,6.27
5/21/1999,6.3
5/20/1999,6.36
5/19/1999,6.34
5/18/1999,6.34
5/17/1999,6.36
5/14/1999,6.34
5/13/1999,6.16
5/12/1999,6.26
5/11/1999,6.27
5/10/1999,6.21
5/7/1999,6.25
5/6/1999,6.23
5/5/1999,6.13
5/4/1999,6.14
5/3/1999,6.09
4/30/1999,6.07
4/29/1999,5.96
4/28/1999,6.02
4/27/1999,5.99
4/26/1999,6.01
4/23/1999,6.02
4/22/1999,6.03
4/21/1999,5.95
4/20/1999,5.94
4/19/1999,5.96
4/16/1999,6.01
4/15/1999,5.96
4/14/1999,5.93
4/13/1999,5.94
4/12/1999,5.9
4/9/1999,5.88
4/8/1999,5.88
4/7/1999,5.96
4/6/1999,5.95
4/5/1999,6.01
4/2/1999,6.02
4/1/1999,6.09
3/31/1999,6.05
3/30/1999,6.03
3/29/1999,6.08
3/26/1999,6.04
3/25/1999,6.04
3/24/1999,6
3/23/1999,6.03
3/22/1999,6.04
3/19/1999,6.01
3/18/1999,5.96
3/17/1999,5.98
3/16/1999,5.95
3/15/1999,5.99
3/12/1999,5.99
3/11/1999,6.03
3/10/1999,6.03
3/9/1999,6.01
3/8/1999,6.08
3/5/1999,6.11
3/4/1999,6.19
3/3/1999,6.16
3/2/1999,6.13
3/1/1999,6.18
2/28/1999,6.1
2/26/1999,6.12
2/25/1999,6.15
2/24/1999,6.04
2/23/1999,5.96
2/22/1999,5.91
2/19/1999,5.94
2/18/1999,5.94
2/17/1999,5.88
2/16/1999,5.92
2/15/1999,5.96
2/12/1999,5.96
2/11/1999,5.82
2/10/1999,5.81
2/9/1999,5.81
2/8/1999,5.83
2/5/1999,5.84
2/4/1999,5.82
2/3/1999,5.76
2/2/1999,5.73
2/1/1999,5.68
1/31/1999,5.59
1/29/1999,5.58
1/28/1999,5.61
1/27/1999,5.63
1/26/1999,5.63
1/25/1999,5.61
1/22/1999,5.6
1/21/1999,5.64
1/20/1999,5.69
1/19/1999,5.65
1/18/1999,5.62
1/15/1999,5.63
1/14/1999,5.56
1/13/1999,5.66
1/12/1999,5.72
1/11/1999,5.79
1/8/1999,5.75
1/7/1999,5.7
1/6/1999,5.66
1/5/1999,5.68
1/4/1999,5.62
12/31/1998,5.6
12/30/1998,5.61
12/29/1998,5.66
12/28/1998,5.7
12/24/1998,5.77
12/23/1998,5.74
12/22/1998,5.63
12/21/1998,5.58
12/18/1998,5.52
12/17/1998,5.51
12/16/1998,5.52
12/15/1998,5.56
12/14/1998,5.51
12/11/1998,5.54
12/10/1998,5.44
12/9/1998,5.47
12/8/1998,5.49
12/7/1998,5.58
12/4/1998,5.52
12/3/1998,5.46
12/2/1998,5.47
12/1/1998,5.53
11/30/1998,5.58
11/27/1998,5.77
11/26/1998,5.79
11/25/1998,5.79
11/24/1998,5.82
11/23/1998,5.82
11/20/1998,5.81
11/19/1998,5.83
11/18/1998,5.8
11/17/1998,5.82
11/16/1998,5.82
11/13/1998,5.79
11/12/1998,5.77
11/11/1998,5.8
11/10/1998,5.79
11/9/1998,5.86
11/6/1998,5.92
11/5/1998,5.79
11/4/1998,5.86
11/3/1998,5.74
11/2/1998,5.71
10/31/1998,5.61
10/30/1998,5.63
10/29/1998,5.57
10/28/1998,5.61
10/27/1998,5.62
10/26/1998,5.7
10/23/1998,5.68
10/22/1998,5.65
10/21/1998,5.61
10/20/1998,5.6
10/19/1998,5.52
10/16/1998,5.51
10/15/1998,5.65
10/14/1998,5.66
10/13/1998,5.75
10/12/1998,5.8
10/9/1998,5.76
10/8/1998,5.54
10/7/1998,5.43
10/6/1998,5.33
10/5/1998,5.29
10/2/1998,5.39
10/1/1998,5.38
9/30/1998,5.51
9/29/1998,5.74
9/28/1998,5.74
9/25/1998,5.73
9/24/1998,5.75
9/23/1998,5.78
9/22/1998,5.82
9/21/1998,5.78
9/18/1998,5.8
9/17/1998,5.84
9/16/1998,5.91
9/15/1998,5.9
9/14/1998,5.88
9/11/1998,5.81
9/10/1998,5.76
9/9/1998,5.9
9/8/1998,5.99
9/7/1998,5.96
9/4/1998,5.98
9/3/1998,5.99
9/2/1998,6.03
9/1/1998,6
8/31/1998,5.97
8/28/1998,5.92
8/27/1998,5.88
8/26/1998,5.94
8/25/1998,5.93
8/24/1998,5.97
8/21/1998,5.99
8/20/1998,6.04
8/19/1998,6.07
8/18/1998,6.07
8/17/1998,6.05
8/14/1998,6.06
8/13/1998,6.08
8/12/1998,6.05
8/11/1998,6.03
8/10/1998,6.06
8/7/1998,6.07
8/6/1998,6.1
8/5/1998,6.1
8/4/1998,6.1
8/3/1998,6.13
7/31/1998,6.18
7/30/1998,6.17
7/29/1998,6.18
7/28/1998,6.14
7/27/1998,6.13
7/24/1998,6.12
7/23/1998,6.1
7/22/1998,6.12
7/21/1998,6.11
7/20/1998,6.14
7/17/1998,6.17
7/16/1998,6.16
7/15/1998,6.14
7/14/1998,6.15
7/13/1998,6.12
7/10/1998,6.07
7/9/1998,6.06
7/8/1998,6.08
7/7/1998,6.07
7/6/1998,6.05
7/3/1998,6.07
7/2/1998,6.07
7/1/1998,6.09
6/30/1998,6.11
6/29/1998,6.12
6/26/1998,6.11
6/25/1998,6.12
6/24/1998,6.11
6/23/1998,6.11
6/22/1998,6.11
6/19/1998,6.12
6/18/1998,6.14
6/17/1998,6.18
6/16/1998,6.1
6/15/1998,6.04
6/12/1998,6.08
6/11/1998,6.09
6/10/1998,6.16
6/9/1998,6.22
6/8/1998,6.22
6/5/1998,6.22
6/4/1998,6.23
6/3/1998,6.21
6/2/1998,6.2
6/1/1998,6.18
5/31/1998,6.2
5/29/1998,6.18
5/28/1998,6.19
5/27/1998,6.18
5/26/1998,6.2
5/25/1998,6.25
5/22/1998,6.25
5/21/1998,6.27
5/20/1998,6.22
5/19/1998,6.25
5/18/1998,6.24
5/15/1998,6.29
5/14/1998,6.29
5/13/1998,6.27
5/12/1998,6.29
5/11/1998,6.36
5/8/1998,6.29
5/7/1998,6.26
5/6/1998,6.26
5/5/1998,6.28
5/4/1998,6.25
5/1/1998,6.25
4/30/1998,6.27
4/29/1998,6.4
4/28/1998,6.38
4/27/1998,6.37
4/24/1998,6.26
4/23/1998,6.28
4/22/1998,6.27
4/21/1998,6.27
4/20/1998,6.23
4/17/1998,6.18
4/16/1998,6.18
4/15/1998,6.2
4/14/1998,6.21
4/13/1998,6.25
4/9/1998,6.19
4/8/1998,6.18
4/7/1998,6.15
4/6/1998,6.13
4/3/1998,6.09
4/2/1998,6.17
4/1/1998,6.21
3/31/1998,6.26
3/30/1998,6.31
3/27/1998,6.28
3/26/1998,6.28
3/25/1998,6.25
3/24/1998,6.18
3/23/1998,6.18
3/20/1998,6.19
3/19/1998,6.2
3/18/1998,6.2
3/17/1998,6.18
3/16/1998,6.15
3/13/1998,6.18
3/12/1998,6.17
3/11/1998,6.23
3/10/1998,6.25
3/9/1998,6.25
3/6/1998,6.31
3/5/1998,6.36
3/4/1998,6.35
3/3/1998,6.35
3/2/1998,6.3
2/28/1998,6.23
2/27/1998,6.23
2/26/1998,6.26
2/25/1998,6.24
2/24/1998,6.28
2/23/1998,6.19
2/20/1998,6.14
2/19/1998,6.13
2/18/1998,6.11
2/17/1998,6.07
2/16/1998,6.11
2/13/1998,6.12
2/12/1998,6.15
2/11/1998,6.16
2/10/1998,6.22
2/9/1998,6.23
2/6/1998,6.2
2/5/1998,6.2
2/4/1998,6.15
2/3/1998,6.14
2/2/1998,6.15
1/31/1998,6.1
1/30/1998,6.12
1/29/1998,6.14
1/28/1998,6.25
1/27/1998,6.24
1/26/1998,6.19
1/23/1998,6.23
1/22/1998,6.12
1/21/1998,6.1
1/20/1998,6.13
1/19/1998,6.11
1/16/1998,6.11
1/15/1998,6.04
1/14/1998,6.03
1/13/1998,6
1/12/1998,5.97
1/9/1998,5.98
1/8/1998,6.06
1/7/1998,6.13
1/6/1998,6.07
1/5/1998,6.1
1/2/1998,6.23
12/31/1997,6.3
12/30/1997,6.35
12/29/1997,6.3
12/26/1997,6.29
12/24/1997,6.29
12/23/1997,6.27
12/22/1997,6.27
12/19/1997,6.26
12/18/1997,6.31
12/17/1997,6.35
12/16/1997,6.32
12/15/1997,6.32
12/12/1997,6.29
12/11/1997,6.36
12/10/1997,6.43
12/9/1997,6.47
12/8/1997,6.48
12/5/1997,6.44
12/4/1997,6.38
12/3/1997,6.38
12/2/1997,6.4
12/1/1997,6.4
11/30/1997,6.41
11/28/1997,6.42
11/27/1997,6.41
11/26/1997,6.41
11/25/1997,6.41
11/24/1997,6.41
11/21/1997,6.35
11/20/1997,6.38
11/19/1997,6.34
11/18/1997,6.4
11/17/1997,6.4
11/14/1997,6.41
11/13/1997,6.41
11/12/1997,6.43
11/11/1997,6.43
11/10/1997,6.44
11/7/1997,6.43
11/6/1997,6.43
11/5/1997,6.47
11/4/1997,6.48
11/3/1997,6.44
10/31/1997,6.35
10/30/1997,6.32
10/29/1997,6.37
10/28/1997,6.44
10/27/1997,6.32
10/24/1997,6.45
10/23/1997,6.48
10/22/1997,6.54
10/21/1997,6.56
10/20/1997,6.56
10/17/1997,6.59
10/16/1997,6.48
10/15/1997,6.49
10/14/1997,6.48
10/13/1997,6.56
10/10/1997,6.56
10/9/1997,6.49
10/8/1997,6.48
10/7/1997,6.37
10/6/1997,6.39
10/3/1997,6.42
10/2/1997,6.44
10/1/1997,6.46
9/30/1997,6.5
9/29/1997,6.44
9/26/1997,6.48
9/25/1997,6.5
9/24/1997,6.46
9/23/1997,6.45
9/22/1997,6.47
9/19/1997,6.48
9/18/1997,6.46
9/17/1997,6.45
9/16/1997,6.49
9/15/1997,6.66
9/12/1997,6.65
9/11/1997,6.77
9/10/1997,6.74
9/9/1997,6.71
9/8/1997,6.69
9/5/1997,6.72
9/4/1997,6.69
9/3/1997,6.68
9/2/1997,6.65
8/31/1997,6.7
8/29/1997,6.69
8/28/1997,6.64
8/27/1997,6.74
8/26/1997,6.74
8/25/1997,6.75
8/22/1997,6.73
8/21/1997,6.65
8/20/1997,6.63
8/19/1997,6.59
8/18/1997,6.59
8/15/1997,6.64
8/14/1997,6.65
8/13/1997,6.71
8/12/1997,6.75
8/11/1997,6.71
8/8/1997,6.71
8/7/1997,6.6
8/6/1997,6.58
8/5/1997,6.58
8/4/1997,6.57
8/1/1997,6.55
7/31/1997,6.4
7/30/1997,6.42
7/29/1997,6.45
7/28/1997,6.46
7/25/1997,6.53
7/24/1997,6.5
7/23/1997,6.47
7/22/1997,6.51
7/21/1997,6.62
7/18/1997,6.59
7/17/1997,6.56
7/16/1997,6.56
7/15/1997,6.62
7/14/1997,6.62
7/11/1997,6.6
7/10/1997,6.62
7/9/1997,6.62
7/8/1997,6.64
7/7/1997,6.63
7/3/1997,6.66
7/2/1997,6.77
7/1/1997,6.8
6/30/1997,6.86
6/27/1997,6.79
6/26/1997,6.82
6/25/1997,6.78
6/24/1997,6.75
6/23/1997,6.75
6/20/1997,6.72
6/19/1997,6.74
6/18/1997,6.74
6/17/1997,6.77
6/16/1997,6.74
6/13/1997,6.77
6/12/1997,6.81
6/11/1997,6.89
6/10/1997,6.9
6/9/1997,6.89
6/6/1997,6.85
6/5/1997,6.94
6/4/1997,6.94
6/3/1997,6.94
6/2/1997,6.97
5/31/1997,6.99
5/30/1997,7
5/29/1997,7.07
5/28/1997,7.11
5/27/1997,7.1
5/23/1997,7.06
5/22/1997,7.07
5/21/1997,7.05
5/20/1997,7.01
5/19/1997,7.03
5/16/1997,7.02
5/15/1997,6.99
5/14/1997,6.99
5/13/1997,7.04
5/12/1997,6.98
5/9/1997,7
5/8/1997,7.06
5/7/1997,7.08
5/6/1997,7.02
5/5/1997,7.01
5/2/1997,7.01
5/1/1997,7.04
4/30/1997,7.07
4/29/1997,7.12
4/28/1997,7.26
4/25/1997,7.29
4/24/1997,7.27
4/23/1997,7.24
4/22/1997,7.2
4/21/1997,7.21
4/18/1997,7.18
4/17/1997,7.2
4/16/1997,7.24
4/15/1997,7.22
4/14/1997,7.32
4/11/1997,7.31
4/10/1997,7.24
4/9/1997,7.24
4/8/1997,7.24
4/7/1997,7.21
4/4/1997,7.26
4/3/1997,7.21
4/2/1997,7.22
4/1/1997,7.23
3/31/1997,7.25
3/27/1997,7.27
3/26/1997,7.17
3/25/1997,7.13
3/24/1997,7.09
3/21/1997,7.11
3/20/1997,7.11
3/19/1997,7.11
3/18/1997,7.08
3/17/1997,7.08
3/14/1997,7.07
3/13/1997,7.09
3/12/1997,6.98
3/11/1997,6.94
3/10/1997,6.94
3/7/1997,6.94
3/6/1997,6.99
3/5/1997,6.96
3/4/1997,6.97
3/3/1997,6.94
2/28/1997,6.93
2/27/1997,6.9
2/26/1997,6.88
2/25/1997,6.72
2/24/1997,6.71
2/21/1997,6.69
2/20/1997,6.69
2/19/1997,6.62
2/18/1997,6.59
2/14/1997,6.57
2/13/1997,6.65
2/12/1997,6.74
2/11/1997,6.72
2/10/1997,6.72
2/7/1997,6.72
2/6/1997,6.77
2/5/1997,6.77
2/4/1997,6.74
2/3/1997,6.76
1/31/1997,6.81
1/30/1997,6.86
1/29/1997,6.9
1/28/1997,6.91
1/27/1997,6.96
1/24/1997,6.91
1/23/1997,6.86
1/22/1997,6.83
1/21/1997,6.82
1/20/1997,6.83
1/17/1997,6.83
1/16/1997,6.84
1/15/1997,6.83
1/14/1997,6.83
1/13/1997,6.9
1/10/1997,6.9
1/9/1997,6.81
1/8/1997,6.84
1/7/1997,6.82
1/6/1997,6.8
1/3/1997,6.8
1/2/1997,6.8
12/31/1996,6.72
